[33m>[39m Building...
[32m√[39m Building...
[1mInitial chunk files[22m[2m | [22m[1mNames[22m        [2m | [22m [1mRaw size[22m
[32mmain.js[39m            [2m | [22m[2mmain[22m         [2m | [22m  [36m1.48 MB[39m[2m | [22m
[32mpolyfills.js[39m       [2m | [22m[2mpolyfills[22m    [2m | [22m [36m89.70 kB[39m[2m | [22m
[32mstyles.css[39m         [2m | [22m[2mstyles[22m       [2m | [22m[36m314 bytes[39m[2m | [22m

[1m [22m                  [2m | [22m[1mInitial total[22m[2m | [22m  [1m1.57 MB[22m

Application bundle generation complete. [5.164 seconds] - 2026-06-26T10:54:15.249Z

Watch mode enabled. Watching for file changes...
NOTE: Raw file sizes do not reflect development server per-request transformations.
  [32m➜[39m  [1mLocal[22m:   [36mhttp://127.0.0.1:[1m4200[22m/[39m
[33m>[39m Changes detected. Rebuilding...
[32m√[39m Changes detected. Rebuilding...
[1mInitial chunk files[22m[2m | [22m[1mNames[22m[2m | [22m[1mRaw size[22m
[32mmain.js[39m            [2m | [22m[2mmain[22m [2m | [22m [36m1.56 MB[39m[2m | [22m

Application bundle generation complete. [4.256 seconds] - 2026-06-26T11:24:21.494Z

Page reload sent to client(s).
[33m>[39m Changes detected. Rebuilding...
[32m√[39m Changes detected. Rebuilding...
[1mInitial chunk files[22m[2m | [22m[1mNames[22m[2m | [22m[1mRaw size[22m
[32mmain.js[39m            [2m | [22m[2mmain[22m [2m | [22m [36m1.56 MB[39m[2m | [22m

Application bundle generation complete. [2.809 seconds] - 2026-06-26T11:24:25.764Z

Page reload sent to client(s).
[33m>[39m Changes detected. Rebuilding...
[32m√[39m Changes detected. Rebuilding...
Application bundle generation failed. [3.551 seconds] - 2026-06-29T02:44:33.156Z

[33m>[39m Changes detected. Rebuilding...
[32m√[39m Changes detected. Rebuilding...
Application bundle generation failed. [0.349 seconds] - 2026-06-29T02:44:54.779Z

[33m>[39m Changes detected. Rebuilding...
[32m√[39m Changes detected. Rebuilding...
Application bundle generation failed. [0.617 seconds] - 2026-06-29T02:45:23.782Z

[33m>[39m Changes detected. Rebuilding...
[32m√[39m Changes detected. Rebuilding...
Application bundle generation failed. [0.337 seconds] - 2026-06-29T02:45:31.002Z

[33m>[39m Changes detected. Rebuilding...
[32m√[39m Changes detected. Rebuilding...
Application bundle generation failed. [0.270 seconds] - 2026-06-29T02:46:17.184Z

[33m>[39m Changes detected. Rebuilding...
[32m√[39m Changes detected. Rebuilding...
Application bundle generation failed. [0.511 seconds] - 2026-06-29T02:46:19.866Z

[33m>[39m Changes detected. Rebuilding...
[32m√[39m Changes detected. Rebuilding...
[1mInitial chunk files[22m[2m | [22m[1mNames[22m        [2m | [22m [1mRaw size[22m
[32mmain.js[39m            [2m | [22m[2mmain[22m         [2m | [22m  [36m1.56 MB[39m[2m | [22m
[32mpolyfills.js[39m       [2m | [22m[2mpolyfills[22m    [2m | [22m [36m89.70 kB[39m[2m | [22m
[32mstyles.css[39m         [2m | [22m[2mstyles[22m       [2m | [22m[36m314 bytes[39m[2m | [22m

[1m [22m                  [2m | [22m[1mInitial total[22m[2m | [22m  [1m1.65 MB[22m

Application bundle generation complete. [4.662 seconds] - 2026-06-29T02:47:49.615Z

Page reload sent to client(s).
[33m>[39m Changes detected. Rebuilding...
[32m√[39m Changes detected. Rebuilding...
[1mInitial chunk files[22m[2m | [22m[1mNames[22m[2m | [22m[1mRaw size[22m
[32mmain.js[39m            [2m | [22m[2mmain[22m [2m | [22m [36m1.57 MB[39m[2m | [22m

Application bundle generation complete. [0.625 seconds] - 2026-06-29T02:48:38.731Z

Page reload sent to client(s).
[33m>[39m Changes detected. Rebuilding...
[32m√[39m Changes detected. Rebuilding...
[1mInitial chunk files[22m[2m | [22m[1mNames[22m[2m | [22m[1mRaw size[22m
[32mmain.js[39m            [2m | [22m[2mmain[22m [2m | [22m [36m1.57 MB[39m[2m | [22m

Application bundle generation complete. [0.886 seconds] - 2026-06-29T02:48:45.134Z

Page reload sent to client(s).
[33m>[39m Changes detected. Rebuilding...
[32m√[39m Changes detected. Rebuilding...
[1mInitial chunk files[22m[2m | [22m[1mNames[22m        [2m | [22m [1mRaw size[22m
[32mmain.js[39m            [2m | [22m[2mmain[22m         [2m | [22m  [36m1.57 MB[39m[2m | [22m
[32mpolyfills.js[39m       [2m | [22m[2mpolyfills[22m    [2m | [22m [36m89.70 kB[39m[2m | [22m
[32mstyles.css[39m         [2m | [22m[2mstyles[22m       [2m | [22m[36m314 bytes[39m[2m | [22m

[1m [22m                  [2m | [22m[1mInitial total[22m[2m | [22m  [1m1.66 MB[22m

Application bundle generation complete. [0.008 seconds] - 2026-06-29T02:57:59.159Z

[33m>[39m Changes detected. Rebuilding...
[32m√[39m Changes detected. Rebuilding...
Application bundle generation failed. [0.450 seconds] - 2026-06-29T02:58:19.269Z

[33m>[39m Changes detected. Rebuilding...
[32m√[39m Changes detected. Rebuilding...
Application bundle generation failed. [0.193 seconds] - 2026-06-29T02:58:33.225Z

[33m>[39m Changes detected. Rebuilding...
[32m√[39m Changes detected. Rebuilding...
[1mInitial chunk files[22m[2m | [22m[1mNames[22m        [2m | [22m [1mRaw size[22m
[32mmain.js[39m            [2m | [22m[2mmain[22m         [2m | [22m  [36m1.57 MB[39m[2m | [22m
[32mpolyfills.js[39m       [2m | [22m[2mpolyfills[22m    [2m | [22m [36m89.70 kB[39m[2m | [22m
[32mstyles.css[39m         [2m | [22m[2mstyles[22m       [2m | [22m[36m314 bytes[39m[2m | [22m

[1m [22m                  [2m | [22m[1mInitial total[22m[2m | [22m  [1m1.66 MB[22m

Application bundle generation complete. [0.393 seconds] - 2026-06-29T02:58:37.561Z

Page reload sent to client(s).
[33m>[39m Changes detected. Rebuilding...
[32m√[39m Changes detected. Rebuilding...
[1mInitial chunk files[22m[2m | [22m[1mNames[22m[2m | [22m[1mRaw size[22m
[32mmain.js[39m            [2m | [22m[2mmain[22m [2m | [22m [36m1.36 MB[39m[2m | [22m

Application bundle generation complete. [3.197 seconds] - 2026-06-29T03:06:56.330Z

Page reload sent to client(s).
[33m>[39m Changes detected. Rebuilding...
[32m√[39m Changes detected. Rebuilding...
[1mInitial chunk files[22m[2m | [22m[1mNames[22m        [2m | [22m [1mRaw size[22m
[32mmain.js[39m            [2m | [22m[2mmain[22m         [2m | [22m  [36m1.36 MB[39m[2m | [22m
[32mpolyfills.js[39m       [2m | [22m[2mpolyfills[22m    [2m | [22m [36m89.70 kB[39m[2m | [22m
[32mstyles.css[39m         [2m | [22m[2mstyles[22m       [2m | [22m[36m314 bytes[39m[2m | [22m

[1m [22m                  [2m | [22m[1mInitial total[22m[2m | [22m  [1m1.45 MB[22m

Application bundle generation complete. [0.035 seconds] - 2026-06-29T03:07:42.061Z

[33m>[39m Changes detected. Rebuilding...
[32m√[39m Changes detected. Rebuilding...
Application bundle generation failed. [1.144 seconds] - 2026-06-29T03:07:52.459Z

[33m>[39m Changes detected. Rebuilding...
[32m√[39m Changes detected. Rebuilding...
[1mInitial chunk files[22m[2m | [22m[1mNames[22m        [2m | [22m [1mRaw size[22m
[32mmain.js[39m            [2m | [22m[2mmain[22m         [2m | [22m  [36m1.53 MB[39m[2m | [22m
[32mpolyfills.js[39m       [2m | [22m[2mpolyfills[22m    [2m | [22m [36m89.70 kB[39m[2m | [22m
[32mstyles.css[39m         [2m | [22m[2mstyles[22m       [2m | [22m[36m314 bytes[39m[2m | [22m

[1m [22m                  [2m | [22m[1mInitial total[22m[2m | [22m  [1m1.62 MB[22m

Application bundle generation complete. [0.890 seconds] - 2026-06-29T03:07:57.983Z

Page reload sent to client(s).
[33m>[39m Changes detected. Rebuilding...
[32m√[39m Changes detected. Rebuilding...
[1mInitial chunk files[22m[2m | [22m[1mNames[22m[2m | [22m[1mRaw size[22m
[32mmain.js[39m            [2m | [22m[2mmain[22m [2m | [22m [36m1.57 MB[39m[2m | [22m

Application bundle generation complete. [1.137 seconds] - 2026-06-29T03:08:03.513Z

Page reload sent to client(s).
[33m>[39m Changes detected. Rebuilding...
[32m√[39m Changes detected. Rebuilding...
[1mInitial chunk files[22m[2m | [22m[1mNames[22m[2m | [22m[1mRaw size[22m
[32mmain.js[39m            [2m | [22m[2mmain[22m [2m | [22m [36m1.57 MB[39m[2m | [22m

Application bundle generation complete. [0.867 seconds] - 2026-06-29T03:08:22.675Z

Component update sent to client(s).
[33m>[39m Changes detected. Rebuilding...
[32m√[39m Changes detected. Rebuilding...
[1mInitial chunk files[22m[2m | [22m[1mNames[22m[2m | [22m[1mRaw size[22m
[32mmain.js[39m            [2m | [22m[2mmain[22m [2m | [22m [36m1.57 MB[39m[2m | [22m

Application bundle generation complete. [2.296 seconds] - 2026-06-29T03:18:28.450Z

Page reload sent to client(s).
[33m>[39m Changes detected. Rebuilding...
[32m√[39m Changes detected. Rebuilding...
[1mInitial chunk files[22m[2m | [22m[1mNames[22m        [2m | [22m [1mRaw size[22m
[32mmain.js[39m            [2m | [22m[2mmain[22m         [2m | [22m  [36m1.57 MB[39m[2m | [22m
[32mpolyfills.js[39m       [2m | [22m[2mpolyfills[22m    [2m | [22m [36m89.70 kB[39m[2m | [22m
[32mstyles.css[39m         [2m | [22m[2mstyles[22m       [2m | [22m[36m314 bytes[39m[2m | [22m

[1m [22m                  [2m | [22m[1mInitial total[22m[2m | [22m  [1m1.66 MB[22m

Application bundle generation complete. [0.250 seconds] - 2026-06-29T03:26:11.929Z

[33m>[39m Changes detected. Rebuilding...
[32m√[39m Changes detected. Rebuilding...
Application bundle generation failed. [0.178 seconds] - 2026-06-29T03:26:51.690Z

[33m>[39m Changes detected. Rebuilding...
[32m√[39m Changes detected. Rebuilding...
[1mInitial chunk files[22m[2m | [22m[1mNames[22m        [2m | [22m [1mRaw size[22m
[32mmain.js[39m            [2m | [22m[2mmain[22m         [2m | [22m  [36m1.57 MB[39m[2m | [22m
[32mpolyfills.js[39m       [2m | [22m[2mpolyfills[22m    [2m | [22m [36m89.70 kB[39m[2m | [22m
[32mstyles.css[39m         [2m | [22m[2mstyles[22m       [2m | [22m[36m314 bytes[39m[2m | [22m

[1m [22m                  [2m | [22m[1mInitial total[22m[2m | [22m  [1m1.66 MB[22m

Application bundle generation complete. [0.284 seconds] - 2026-06-29T03:26:56.030Z

Page reload sent to client(s).
[33m>[39m Changes detected. Rebuilding...
[32m√[39m Changes detected. Rebuilding...
Application bundle generation failed. [0.186 seconds] - 2026-06-29T03:27:01.867Z

[33m>[39m Changes detected. Rebuilding...
[32m√[39m Changes detected. Rebuilding...
Application bundle generation failed. [0.163 seconds] - 2026-06-29T03:27:05.180Z

[33m>[39m Changes detected. Rebuilding...
[32m√[39m Changes detected. Rebuilding...
Application bundle generation failed. [0.117 seconds] - 2026-06-29T03:27:07.745Z

[33m>[39m Changes detected. Rebuilding...
[32m√[39m Changes detected. Rebuilding...
Application bundle generation failed. [0.130 seconds] - 2026-06-29T03:27:09.338Z

[33m>[39m Changes detected. Rebuilding...
[32m√[39m Changes detected. Rebuilding...
Application bundle generation failed. [0.147 seconds] - 2026-06-29T03:27:10.741Z

[33m>[39m Changes detected. Rebuilding...
[32m√[39m Changes detected. Rebuilding...
[1mInitial chunk files[22m[2m | [22m[1mNames[22m        [2m | [22m [1mRaw size[22m
[32mmain.js[39m            [2m | [22m[2mmain[22m         [2m | [22m  [36m1.57 MB[39m[2m | [22m
[32mpolyfills.js[39m       [2m | [22m[2mpolyfills[22m    [2m | [22m [36m89.70 kB[39m[2m | [22m
[32mstyles.css[39m         [2m | [22m[2mstyles[22m       [2m | [22m[36m314 bytes[39m[2m | [22m

[1m [22m                  [2m | [22m[1mInitial total[22m[2m | [22m  [1m1.66 MB[22m

Application bundle generation complete. [0.259 seconds] - 2026-06-29T03:27:14.185Z

Page reload sent to client(s).
[33m>[39m Changes detected. Rebuilding...
[32m√[39m Changes detected. Rebuilding...
Application bundle generation failed. [0.113 seconds] - 2026-06-29T03:27:15.686Z

[33m>[39m Changes detected. Rebuilding...
[32m√[39m Changes detected. Rebuilding...
[1mInitial chunk files[22m[2m | [22m[1mNames[22m        [2m | [22m [1mRaw size[22m
[32mmain.js[39m            [2m | [22m[2mmain[22m         [2m | [22m  [36m1.57 MB[39m[2m | [22m
[32mpolyfills.js[39m       [2m | [22m[2mpolyfills[22m    [2m | [22m [36m89.70 kB[39m[2m | [22m
[32mstyles.css[39m         [2m | [22m[2mstyles[22m       [2m | [22m[36m314 bytes[39m[2m | [22m

[1m [22m                  [2m | [22m[1mInitial total[22m[2m | [22m  [1m1.66 MB[22m

Application bundle generation complete. [0.248 seconds] - 2026-06-29T03:28:39.824Z

Page reload sent to client(s).
[33m>[39m Changes detected. Rebuilding...
[32m√[39m Changes detected. Rebuilding...
[1mInitial chunk files[22m[2m | [22m[1mNames[22m        [2m | [22m [1mRaw size[22m
[32mmain.js[39m            [2m | [22m[2mmain[22m         [2m | [22m  [36m1.57 MB[39m[2m | [22m
[32mpolyfills.js[39m       [2m | [22m[2mpolyfills[22m    [2m | [22m [36m89.70 kB[39m[2m | [22m
[32mstyles.css[39m         [2m | [22m[2mstyles[22m       [2m | [22m[36m314 bytes[39m[2m | [22m

[1m [22m                  [2m | [22m[1mInitial total[22m[2m | [22m  [1m1.66 MB[22m

Application bundle generation complete. [0.212 seconds] - 2026-06-29T03:28:43.044Z

[33m>[39m Changes detected. Rebuilding...
[32m√[39m Changes detected. Rebuilding...
[1mInitial chunk files[22m[2m | [22m[1mNames[22m        [2m | [22m [1mRaw size[22m
[32mmain.js[39m            [2m | [22m[2mmain[22m         [2m | [22m  [36m1.57 MB[39m[2m | [22m
[32mpolyfills.js[39m       [2m | [22m[2mpolyfills[22m    [2m | [22m [36m89.70 kB[39m[2m | [22m
[32mstyles.css[39m         [2m | [22m[2mstyles[22m       [2m | [22m[36m314 bytes[39m[2m | [22m

[1m [22m                  [2m | [22m[1mInitial total[22m[2m | [22m  [1m1.66 MB[22m

Application bundle generation complete. [0.204 seconds] - 2026-06-29T03:28:51.414Z

[33m>[39m Changes detected. Rebuilding...
[32m√[39m Changes detected. Rebuilding...
[1mInitial chunk files[22m[2m | [22m[1mNames[22m        [2m | [22m [1mRaw size[22m
[32mmain.js[39m            [2m | [22m[2mmain[22m         [2m | [22m  [36m1.57 MB[39m[2m | [22m
[32mpolyfills.js[39m       [2m | [22m[2mpolyfills[22m    [2m | [22m [36m89.70 kB[39m[2m | [22m
[32mstyles.css[39m         [2m | [22m[2mstyles[22m       [2m | [22m[36m314 bytes[39m[2m | [22m

[1m [22m                  [2m | [22m[1mInitial total[22m[2m | [22m  [1m1.66 MB[22m

Application bundle generation complete. [0.199 seconds] - 2026-06-29T03:28:53.664Z

[33m>[39m Changes detected. Rebuilding...
[32m√[39m Changes detected. Rebuilding...
Application bundle generation failed. [0.093 seconds] - 2026-06-29T03:28:59.792Z

[33m>[39m Changes detected. Rebuilding...
[32m√[39m Changes detected. Rebuilding...
Application bundle generation failed. [0.221 seconds] - 2026-06-29T03:29:03.047Z

[33m>[39m Changes detected. Rebuilding...
[32m√[39m Changes detected. Rebuilding...
[1mInitial chunk files[22m[2m | [22m[1mNames[22m        [2m | [22m [1mRaw size[22m
[32mmain.js[39m            [2m | [22m[2mmain[22m         [2m | [22m  [36m1.57 MB[39m[2m | [22m
[32mpolyfills.js[39m       [2m | [22m[2mpolyfills[22m    [2m | [22m [36m89.70 kB[39m[2m | [22m
[32mstyles.css[39m         [2m | [22m[2mstyles[22m       [2m | [22m[36m314 bytes[39m[2m | [22m

[1m [22m                  [2m | [22m[1mInitial total[22m[2m | [22m  [1m1.66 MB[22m

Application bundle generation complete. [0.232 seconds] - 2026-06-29T03:29:21.217Z

Page reload sent to client(s).
[33m>[39m Changes detected. Rebuilding...
[32m√[39m Changes detected. Rebuilding...
Application bundle generation failed. [0.091 seconds] - 2026-06-29T03:29:24.950Z

[33m>[39m Changes detected. Rebuilding...
[32m√[39m Changes detected. Rebuilding...
Application bundle generation failed. [0.086 seconds] - 2026-06-29T03:29:27.142Z

[33m>[39m Changes detected. Rebuilding...
[32m√[39m Changes detected. Rebuilding...
Application bundle generation failed. [0.090 seconds] - 2026-06-29T03:29:29.392Z

[33m>[39m Changes detected. Rebuilding...
[32m√[39m Changes detected. Rebuilding...
Application bundle generation failed. [0.109 seconds] - 2026-06-29T03:29:31.601Z

[33m>[39m Changes detected. Rebuilding...
[32m√[39m Changes detected. Rebuilding...
Application bundle generation failed. [0.114 seconds] - 2026-06-29T03:29:35.896Z

[33m>[39m Changes detected. Rebuilding...
[32m√[39m Changes detected. Rebuilding...
Application bundle generation failed. [0.102 seconds] - 2026-06-29T03:29:44.394Z

[33m>[39m Changes detected. Rebuilding...
[32m√[39m Changes detected. Rebuilding...
[1mInitial chunk files[22m[2m | [22m[1mNames[22m        [2m | [22m [1mRaw size[22m
[32mmain.js[39m            [2m | [22m[2mmain[22m         [2m | [22m  [36m1.57 MB[39m[2m | [22m
[32mpolyfills.js[39m       [2m | [22m[2mpolyfills[22m    [2m | [22m [36m89.70 kB[39m[2m | [22m
[32mstyles.css[39m         [2m | [22m[2mstyles[22m       [2m | [22m[36m314 bytes[39m[2m | [22m

[1m [22m                  [2m | [22m[1mInitial total[22m[2m | [22m  [1m1.66 MB[22m

Application bundle generation complete. [0.289 seconds] - 2026-06-29T03:30:14.880Z

Page reload sent to client(s).
[33m>[39m Changes detected. Rebuilding...
[32m√[39m Changes detected. Rebuilding...
[1mInitial chunk files[22m[2m | [22m[1mNames[22m        [2m | [22m [1mRaw size[22m
[32mmain.js[39m            [2m | [22m[2mmain[22m         [2m | [22m  [36m1.57 MB[39m[2m | [22m
[32mpolyfills.js[39m       [2m | [22m[2mpolyfills[22m    [2m | [22m [36m89.70 kB[39m[2m | [22m
[32mstyles.css[39m         [2m | [22m[2mstyles[22m       [2m | [22m[36m314 bytes[39m[2m | [22m

[1m [22m                  [2m | [22m[1mInitial total[22m[2m | [22m  [1m1.66 MB[22m

Application bundle generation complete. [0.217 seconds] - 2026-06-29T03:30:19.084Z

[33m>[39m Changes detected. Rebuilding...
[32m√[39m Changes detected. Rebuilding...
[1mInitial chunk files[22m[2m | [22m[1mNames[22m        [2m | [22m [1mRaw size[22m
[32mmain.js[39m            [2m | [22m[2mmain[22m         [2m | [22m  [36m1.57 MB[39m[2m | [22m
[32mpolyfills.js[39m       [2m | [22m[2mpolyfills[22m    [2m | [22m [36m89.70 kB[39m[2m | [22m
[32mstyles.css[39m         [2m | [22m[2mstyles[22m       [2m | [22m[36m314 bytes[39m[2m | [22m

[1m [22m                  [2m | [22m[1mInitial total[22m[2m | [22m  [1m1.66 MB[22m

Application bundle generation complete. [0.236 seconds] - 2026-06-29T03:30:21.203Z

[33m>[39m Changes detected. Rebuilding...
[32m√[39m Changes detected. Rebuilding...
[1mInitial chunk files[22m[2m | [22m[1mNames[22m        [2m | [22m [1mRaw size[22m
[32mmain.js[39m            [2m | [22m[2mmain[22m         [2m | [22m  [36m1.57 MB[39m[2m | [22m
[32mpolyfills.js[39m       [2m | [22m[2mpolyfills[22m    [2m | [22m [36m89.70 kB[39m[2m | [22m
[32mstyles.css[39m         [2m | [22m[2mstyles[22m       [2m | [22m[36m314 bytes[39m[2m | [22m

[1m [22m                  [2m | [22m[1mInitial total[22m[2m | [22m  [1m1.66 MB[22m

Application bundle generation complete. [0.252 seconds] - 2026-06-29T03:30:22.470Z

[33m>[39m Changes detected. Rebuilding...
[32m√[39m Changes detected. Rebuilding...
[1mInitial chunk files[22m[2m | [22m[1mNames[22m[2m | [22m[1mRaw size[22m
[32mmain.js[39m            [2m | [22m[2mmain[22m [2m | [22m [36m1.57 MB[39m[2m | [22m

Application bundle generation complete. [5.758 seconds] - 2026-06-29T03:52:54.100Z

Page reload sent to client(s).
[33m>[39m Changes detected. Rebuilding...
[32m√[39m Changes detected. Rebuilding...
[1mInitial chunk files[22m[2m | [22m[1mNames[22m[2m | [22m[1mRaw size[22m
[32mmain.js[39m            [2m | [22m[2mmain[22m [2m | [22m [36m1.57 MB[39m[2m | [22m

Application bundle generation complete. [2.243 seconds] - 2026-06-29T03:52:56.355Z

Page reload sent to client(s).
[33m>[39m Changes detected. Rebuilding...
[32m√[39m Changes detected. Rebuilding...
[1mInitial chunk files[22m[2m | [22m[1mNames[22m        [2m | [22m [1mRaw size[22m
[32mmain.js[39m            [2m | [22m[2mmain[22m         [2m | [22m  [36m1.57 MB[39m[2m | [22m
[32mpolyfills.js[39m       [2m | [22m[2mpolyfills[22m    [2m | [22m [36m89.70 kB[39m[2m | [22m
[32mstyles.css[39m         [2m | [22m[2mstyles[22m       [2m | [22m[36m314 bytes[39m[2m | [22m

[1m [22m                  [2m | [22m[1mInitial total[22m[2m | [22m  [1m1.66 MB[22m

Application bundle generation complete. [1.026 seconds] - 2026-06-29T03:52:57.391Z

[33m>[39m Changes detected. Rebuilding...
[32m√[39m Changes detected. Rebuilding...
[1mInitial chunk files[22m[2m | [22m[1mNames[22m[2m | [22m[1mRaw size[22m
[32mmain.js[39m            [2m | [22m[2mmain[22m [2m | [22m [36m1.57 MB[39m[2m | [22m

Application bundle generation complete. [1.089 seconds] - 2026-06-29T03:53:02.616Z

Page reload sent to client(s).
[33m>[39m Changes detected. Rebuilding...
[32m√[39m Changes detected. Rebuilding...
[1mInitial chunk files[22m[2m | [22m[1mNames[22m[2m | [22m[1mRaw size[22m
[32mmain.js[39m            [2m | [22m[2mmain[22m [2m | [22m [36m1.57 MB[39m[2m | [22m

Application bundle generation complete. [1.071 seconds] - 2026-06-29T03:53:05.564Z

Page reload sent to client(s).
[33m>[39m Changes detected. Rebuilding...
[32m√[39m Changes detected. Rebuilding...
Application bundle generation failed. [1.238 seconds] - 2026-06-29T03:56:33.707Z

[33m>[39m Changes detected. Rebuilding...
[32m√[39m Changes detected. Rebuilding...
Application bundle generation failed. [0.286 seconds] - 2026-06-29T03:56:45.164Z

[33m>[39m Changes detected. Rebuilding...
[32m√[39m Changes detected. Rebuilding...
Application bundle generation failed. [0.290 seconds] - 2026-06-29T03:57:04.289Z

[33m>[39m Changes detected. Rebuilding...
[32m√[39m Changes detected. Rebuilding...
Application bundle generation failed. [0.217 seconds] - 2026-06-29T03:57:07.640Z

[33m>[39m Changes detected. Rebuilding...
[32m√[39m Changes detected. Rebuilding...
Application bundle generation failed. [0.352 seconds] - 2026-06-29T03:57:11.232Z

[33m>[39m Changes detected. Rebuilding...
[32m√[39m Changes detected. Rebuilding...
Application bundle generation failed. [0.313 seconds] - 2026-06-29T03:57:24.863Z

[33m>[39m Changes detected. Rebuilding...
[32m√[39m Changes detected. Rebuilding...
Application bundle generation failed. [0.357 seconds] - 2026-06-29T03:57:26.191Z

[33m>[39m Changes detected. Rebuilding...
[32m√[39m Changes detected. Rebuilding...
Application bundle generation failed. [0.256 seconds] - 2026-06-29T03:57:31.024Z

[33m>[39m Changes detected. Rebuilding...
[32m√[39m Changes detected. Rebuilding...
Application bundle generation failed. [0.552 seconds] - 2026-06-29T03:57:33.034Z

[33m>[39m Changes detected. Rebuilding...
[32m√[39m Changes detected. Rebuilding...
Application bundle generation failed. [0.223 seconds] - 2026-06-29T03:57:37.344Z

[33m>[39m Changes detected. Rebuilding...
[32m√[39m Changes detected. Rebuilding...
Application bundle generation failed. [0.323 seconds] - 2026-06-29T03:57:39.240Z

[33m>[39m Changes detected. Rebuilding...
[32m√[39m Changes detected. Rebuilding...
Application bundle generation failed. [0.217 seconds] - 2026-06-29T03:57:41.183Z

[33m>[39m Changes detected. Rebuilding...
[32m√[39m Changes detected. Rebuilding...
Application bundle generation failed. [0.338 seconds] - 2026-06-29T03:57:42.448Z

[33m>[39m Changes detected. Rebuilding...
[32m√[39m Changes detected. Rebuilding...
Application bundle generation failed. [0.228 seconds] - 2026-06-29T03:57:43.708Z

[33m>[39m Changes detected. Rebuilding...
[32m√[39m Changes detected. Rebuilding...
Application bundle generation failed. [0.323 seconds] - 2026-06-29T03:57:49.852Z

[33m>[39m Changes detected. Rebuilding...
[32m√[39m Changes detected. Rebuilding...
Application bundle generation failed. [0.336 seconds] - 2026-06-29T03:58:24.284Z

[33m>[39m Changes detected. Rebuilding...
[32m√[39m Changes detected. Rebuilding...
Application bundle generation failed. [0.310 seconds] - 2026-06-29T03:58:27.141Z

[33m>[39m Changes detected. Rebuilding...
[32m√[39m Changes detected. Rebuilding...
[1mInitial chunk files[22m[2m | [22m[1mNames[22m        [2m | [22m [1mRaw size[22m
[32mmain.js[39m            [2m | [22m[2mmain[22m         [2m | [22m  [36m1.57 MB[39m[2m | [22m
[32mpolyfills.js[39m       [2m | [22m[2mpolyfills[22m    [2m | [22m [36m89.70 kB[39m[2m | [22m
[32mstyles.css[39m         [2m | [22m[2mstyles[22m       [2m | [22m[36m314 bytes[39m[2m | [22m

[1m [22m                  [2m | [22m[1mInitial total[22m[2m | [22m  [1m1.66 MB[22m

Application bundle generation complete. [0.843 seconds] - 2026-06-29T03:58:34.695Z

Page reload sent to client(s).
[33m>[39m Changes detected. Rebuilding...
[32m√[39m Changes detected. Rebuilding...

No output file changes.

Application bundle generation complete. [0.399 seconds] - 2026-06-29T03:59:01.556Z

[33m>[39m Changes detected. Rebuilding...
[32m√[39m Changes detected. Rebuilding...
[1mInitial chunk files[22m[2m | [22m[1mNames[22m        [2m | [22m [1mRaw size[22m
[32mmain.js[39m            [2m | [22m[2mmain[22m         [2m | [22m  [36m1.57 MB[39m[2m | [22m
[32mpolyfills.js[39m       [2m | [22m[2mpolyfills[22m    [2m | [22m [36m89.70 kB[39m[2m | [22m
[32mstyles.css[39m         [2m | [22m[2mstyles[22m       [2m | [22m[36m314 bytes[39m[2m | [22m

[1m [22m                  [2m | [22m[1mInitial total[22m[2m | [22m  [1m1.66 MB[22m

Application bundle generation complete. [0.346 seconds] - 2026-06-29T03:59:03.374Z

[33m>[39m Changes detected. Rebuilding...
[32m√[39m Changes detected. Rebuilding...

No output file changes.

Application bundle generation complete. [0.491 seconds] - 2026-06-29T03:59:06.122Z

[33m>[39m Changes detected. Rebuilding...
[32m√[39m Changes detected. Rebuilding...
Application bundle generation failed. [0.557 seconds] - 2026-06-29T04:00:23.651Z

[33m>[39m Changes detected. Rebuilding...
[32m√[39m Changes detected. Rebuilding...
Application bundle generation failed. [0.244 seconds] - 2026-06-29T04:00:30.186Z

[33m>[39m Changes detected. Rebuilding...
[32m√[39m Changes detected. Rebuilding...
Application bundle generation failed. [0.309 seconds] - 2026-06-29T04:00:34.626Z

[33m>[39m Changes detected. Rebuilding...
[32m√[39m Changes detected. Rebuilding...
Application bundle generation failed. [0.225 seconds] - 2026-06-29T04:00:36.032Z

[33m>[39m Changes detected. Rebuilding...
[32m√[39m Changes detected. Rebuilding...
Application bundle generation failed. [0.227 seconds] - 2026-06-29T04:00:41.669Z

[33m>[39m Changes detected. Rebuilding...
[32m√[39m Changes detected. Rebuilding...
Application bundle generation failed. [0.315 seconds] - 2026-06-29T04:00:45.075Z

[33m>[39m Changes detected. Rebuilding...
[32m√[39m Changes detected. Rebuilding...
Application bundle generation failed. [0.217 seconds] - 2026-06-29T04:00:52.713Z

[33m>[39m Changes detected. Rebuilding...
[32m√[39m Changes detected. Rebuilding...
Application bundle generation failed. [0.311 seconds] - 2026-06-29T04:00:54.764Z

[33m>[39m Changes detected. Rebuilding...
[32m√[39m Changes detected. Rebuilding...
Application bundle generation failed. [0.217 seconds] - 2026-06-29T04:01:01.262Z

[33m>[39m Changes detected. Rebuilding...
[32m√[39m Changes detected. Rebuilding...
Application bundle generation failed. [0.313 seconds] - 2026-06-29T04:01:07.482Z

[33m>[39m Changes detected. Rebuilding...
[32m√[39m Changes detected. Rebuilding...
Application bundle generation failed. [0.271 seconds] - 2026-06-29T04:02:43.673Z

[33m>[39m Changes detected. Rebuilding...
[32m√[39m Changes detected. Rebuilding...
Application bundle generation failed. [0.259 seconds] - 2026-06-29T04:02:45.654Z

[33m>[39m Changes detected. Rebuilding...
[32m√[39m Changes detected. Rebuilding...
Application bundle generation failed. [0.265 seconds] - 2026-06-29T04:02:48.465Z

[33m>[39m Changes detected. Rebuilding...
[32m√[39m Changes detected. Rebuilding...
Application bundle generation failed. [0.246 seconds] - 2026-06-29T04:02:50.501Z

[33m>[39m Changes detected. Rebuilding...
[32m√[39m Changes detected. Rebuilding...
Application bundle generation failed. [0.368 seconds] - 2026-06-29T04:02:54.164Z

[33m>[39m Changes detected. Rebuilding...
[32m√[39m Changes detected. Rebuilding...
[1mInitial chunk files[22m[2m | [22m[1mNames[22m        [2m | [22m [1mRaw size[22m
[32mmain.js[39m            [2m | [22m[2mmain[22m         [2m | [22m  [36m1.57 MB[39m[2m | [22m
[32mpolyfills.js[39m       [2m | [22m[2mpolyfills[22m    [2m | [22m [36m89.70 kB[39m[2m | [22m
[32mstyles.css[39m         [2m | [22m[2mstyles[22m       [2m | [22m[36m314 bytes[39m[2m | [22m

[1m [22m                  [2m | [22m[1mInitial total[22m[2m | [22m  [1m1.66 MB[22m

Application bundle generation complete. [0.520 seconds] - 2026-06-29T04:02:55.843Z

Page reload sent to client(s).
[33m>[39m Changes detected. Rebuilding...
[32m√[39m Changes detected. Rebuilding...
Application bundle generation failed. [0.302 seconds] - 2026-06-29T04:03:00.991Z

[33m>[39m Changes detected. Rebuilding...
[32m√[39m Changes detected. Rebuilding...
[1mInitial chunk files[22m[2m | [22m[1mNames[22m        [2m | [22m [1mRaw size[22m
[32mmain.js[39m            [2m | [22m[2mmain[22m         [2m | [22m  [36m1.57 MB[39m[2m | [22m
[32mpolyfills.js[39m       [2m | [22m[2mpolyfills[22m    [2m | [22m [36m89.70 kB[39m[2m | [22m
[32mstyles.css[39m         [2m | [22m[2mstyles[22m       [2m | [22m[36m314 bytes[39m[2m | [22m

[1m [22m                  [2m | [22m[1mInitial total[22m[2m | [22m  [1m1.66 MB[22m

Application bundle generation complete. [0.490 seconds] - 2026-06-29T04:03:04.997Z

Page reload sent to client(s).
[33m>[39m Changes detected. Rebuilding...
[32m√[39m Changes detected. Rebuilding...
Application bundle generation failed. [0.188 seconds] - 2026-06-29T04:03:15.027Z

[33m>[39m Changes detected. Rebuilding...
[32m√[39m Changes detected. Rebuilding...
Application bundle generation failed. [0.284 seconds] - 2026-06-29T04:03:21.322Z

[33m>[39m Changes detected. Rebuilding...
[32m√[39m Changes detected. Rebuilding...
Application bundle generation failed. [0.212 seconds] - 2026-06-29T04:03:26.201Z

[33m>[39m Changes detected. Rebuilding...
[32m√[39m Changes detected. Rebuilding...
[1mInitial chunk files[22m[2m | [22m[1mNames[22m        [2m | [22m [1mRaw size[22m
[32mmain.js[39m            [2m | [22m[2mmain[22m         [2m | [22m  [36m1.57 MB[39m[2m | [22m
[32mpolyfills.js[39m       [2m | [22m[2mpolyfills[22m    [2m | [22m [36m89.70 kB[39m[2m | [22m
[32mstyles.css[39m         [2m | [22m[2mstyles[22m       [2m | [22m[36m314 bytes[39m[2m | [22m

[1m [22m                  [2m | [22m[1mInitial total[22m[2m | [22m  [1m1.66 MB[22m

Application bundle generation complete. [0.331 seconds] - 2026-06-29T04:03:32.822Z

Page reload sent to client(s).
[33m>[39m Changes detected. Rebuilding...
[32m√[39m Changes detected. Rebuilding...

No output file changes.

Application bundle generation complete. [0.675 seconds] - 2026-06-29T04:03:35.058Z

[33m>[39m Changes detected. Rebuilding...
[32m√[39m Changes detected. Rebuilding...
[1mInitial chunk files[22m[2m | [22m[1mNames[22m        [2m | [22m [1mRaw size[22m
[32mmain.js[39m            [2m | [22m[2mmain[22m         [2m | [22m  [36m1.57 MB[39m[2m | [22m
[32mpolyfills.js[39m       [2m | [22m[2mpolyfills[22m    [2m | [22m [36m89.70 kB[39m[2m | [22m
[32mstyles.css[39m         [2m | [22m[2mstyles[22m       [2m | [22m[36m314 bytes[39m[2m | [22m

[1m [22m                  [2m | [22m[1mInitial total[22m[2m | [22m  [1m1.66 MB[22m

Application bundle generation complete. [0.415 seconds] - 2026-06-29T04:03:38.021Z

[33m>[39m Changes detected. Rebuilding...
[32m√[39m Changes detected. Rebuilding...

No output file changes.

Application bundle generation complete. [0.398 seconds] - 2026-06-29T04:03:40.343Z

[33m>[39m Changes detected. Rebuilding...
[32m√[39m Changes detected. Rebuilding...
Application bundle generation failed. [0.220 seconds] - 2026-06-29T04:03:51.148Z

[33m>[39m Changes detected. Rebuilding...
[32m√[39m Changes detected. Rebuilding...
Application bundle generation failed. [0.223 seconds] - 2026-06-29T04:03:53.268Z

[33m>[39m Changes detected. Rebuilding...
[32m√[39m Changes detected. Rebuilding...
Application bundle generation failed. [0.247 seconds] - 2026-06-29T04:03:57.665Z

[33m>[39m Changes detected. Rebuilding...
[32m√[39m Changes detected. Rebuilding...
Application bundle generation failed. [0.236 seconds] - 2026-06-29T04:03:59.831Z

[33m>[39m Changes detected. Rebuilding...
[32m√[39m Changes detected. Rebuilding...
Application bundle generation failed. [0.288 seconds] - 2026-06-29T04:05:31.865Z

[33m>[39m Changes detected. Rebuilding...
[32m√[39m Changes detected. Rebuilding...
Application bundle generation failed. [0.205 seconds] - 2026-06-29T04:05:50.464Z

[33m>[39m Changes detected. Rebuilding...
[32m√[39m Changes detected. Rebuilding...
Application bundle generation failed. [0.202 seconds] - 2026-06-29T04:05:54.488Z

[33m>[39m Changes detected. Rebuilding...
[32m√[39m Changes detected. Rebuilding...
Application bundle generation failed. [0.258 seconds] - 2026-06-29T04:05:59.406Z

[33m>[39m Changes detected. Rebuilding...
[32m√[39m Changes detected. Rebuilding...
Application bundle generation failed. [0.235 seconds] - 2026-06-29T04:06:05.343Z

[33m>[39m Changes detected. Rebuilding...
[32m√[39m Changes detected. Rebuilding...
Application bundle generation failed. [0.335 seconds] - 2026-06-29T04:06:09.791Z

[33m>[39m Changes detected. Rebuilding...
[32m√[39m Changes detected. Rebuilding...
Application bundle generation failed. [0.253 seconds] - 2026-06-29T04:06:13.158Z

[33m>[39m Changes detected. Rebuilding...
[32m√[39m Changes detected. Rebuilding...
Application bundle generation failed. [0.189 seconds] - 2026-06-29T04:06:18.298Z

[33m>[39m Changes detected. Rebuilding...
[32m√[39m Changes detected. Rebuilding...
Application bundle generation failed. [0.228 seconds] - 2026-06-29T04:06:20.639Z

[33m>[39m Changes detected. Rebuilding...
[32m√[39m Changes detected. Rebuilding...
Application bundle generation failed. [0.301 seconds] - 2026-06-29T04:06:42.979Z

[33m>[39m Changes detected. Rebuilding...
[32m√[39m Changes detected. Rebuilding...
Application bundle generation failed. [0.321 seconds] - 2026-06-29T04:06:57.967Z

[33m>[39m Changes detected. Rebuilding...
[32m√[39m Changes detected. Rebuilding...
[1mInitial chunk files[22m[2m | [22m[1mNames[22m        [2m | [22m [1mRaw size[22m
[32mmain.js[39m            [2m | [22m[2mmain[22m         [2m | [22m  [36m1.57 MB[39m[2m | [22m
[32mpolyfills.js[39m       [2m | [22m[2mpolyfills[22m    [2m | [22m [36m89.70 kB[39m[2m | [22m
[32mstyles.css[39m         [2m | [22m[2mstyles[22m       [2m | [22m[36m314 bytes[39m[2m | [22m

[1m [22m                  [2m | [22m[1mInitial total[22m[2m | [22m  [1m1.66 MB[22m

Application bundle generation complete. [0.640 seconds] - 2026-06-29T04:07:46.757Z

Page reload sent to client(s).
[33m>[39m Changes detected. Rebuilding...
[32m√[39m Changes detected. Rebuilding...
[1mInitial chunk files[22m[2m | [22m[1mNames[22m[2m | [22m[1mRaw size[22m
[32mmain.js[39m            [2m | [22m[2mmain[22m [2m | [22m [36m1.57 MB[39m[2m | [22m

Application bundle generation complete. [0.749 seconds] - 2026-06-29T04:08:42.509Z

Page reload sent to client(s).
[33m>[39m Changes detected. Rebuilding...
[32m√[39m Changes detected. Rebuilding...
[1mInitial chunk files[22m[2m | [22m[1mNames[22m[2m | [22m[1mRaw size[22m
[32mmain.js[39m            [2m | [22m[2mmain[22m [2m | [22m [36m1.57 MB[39m[2m | [22m

Application bundle generation complete. [1.153 seconds] - 2026-06-29T04:08:44.330Z

Page reload sent to client(s).
[33m>[39m Changes detected. Rebuilding...
[32m√[39m Changes detected. Rebuilding...
Application bundle generation failed. [0.537 seconds] - 2026-06-29T04:08:47.763Z

[33m>[39m Changes detected. Rebuilding...
[32m√[39m Changes detected. Rebuilding...
[1mInitial chunk files[22m[2m | [22m[1mNames[22m        [2m | [22m [1mRaw size[22m
[32mmain.js[39m            [2m | [22m[2mmain[22m         [2m | [22m  [36m1.57 MB[39m[2m | [22m
[32mpolyfills.js[39m       [2m | [22m[2mpolyfills[22m    [2m | [22m [36m89.70 kB[39m[2m | [22m
[32mstyles.css[39m         [2m | [22m[2mstyles[22m       [2m | [22m[36m314 bytes[39m[2m | [22m

[1m [22m                  [2m | [22m[1mInitial total[22m[2m | [22m  [1m1.66 MB[22m

Application bundle generation complete. [1.139 seconds] - 2026-06-29T04:08:51.911Z

Page reload sent to client(s).
[33m>[39m Changes detected. Rebuilding...
[32m√[39m Changes detected. Rebuilding...
Application bundle generation failed. [0.270 seconds] - 2026-06-29T04:09:32.549Z

[33m>[39m Changes detected. Rebuilding...
[32m√[39m Changes detected. Rebuilding...
Application bundle generation failed. [0.205 seconds] - 2026-06-29T04:09:37.214Z

[33m>[39m Changes detected. Rebuilding...
[32m√[39m Changes detected. Rebuilding...
Application bundle generation failed. [0.454 seconds] - 2026-06-29T04:09:42.451Z

[33m>[39m Changes detected. Rebuilding...
[32m√[39m Changes detected. Rebuilding...
Application bundle generation failed. [0.372 seconds] - 2026-06-29T04:09:43.865Z

[33m>[39m Changes detected. Rebuilding...
[32m√[39m Changes detected. Rebuilding...
Application bundle generation failed. [0.322 seconds] - 2026-06-29T04:09:47.109Z

[33m>[39m Changes detected. Rebuilding...
[32m√[39m Changes detected. Rebuilding...
[1mInitial chunk files[22m[2m | [22m[1mNames[22m        [2m | [22m [1mRaw size[22m
[32mmain.js[39m            [2m | [22m[2mmain[22m         [2m | [22m  [36m1.57 MB[39m[2m | [22m
[32mpolyfills.js[39m       [2m | [22m[2mpolyfills[22m    [2m | [22m [36m89.70 kB[39m[2m | [22m
[32mstyles.css[39m         [2m | [22m[2mstyles[22m       [2m | [22m[36m314 bytes[39m[2m | [22m

[1m [22m                  [2m | [22m[1mInitial total[22m[2m | [22m  [1m1.66 MB[22m

Application bundle generation complete. [0.615 seconds] - 2026-06-29T04:09:48.730Z

Page reload sent to client(s).
[33m>[39m Changes detected. Rebuilding...
[32m√[39m Changes detected. Rebuilding...
[1mInitial chunk files[22m[2m | [22m[1mNames[22m        [2m | [22m [1mRaw size[22m
[32mmain.js[39m            [2m | [22m[2mmain[22m         [2m | [22m  [36m1.57 MB[39m[2m | [22m
[32mpolyfills.js[39m       [2m | [22m[2mpolyfills[22m    [2m | [22m [36m89.70 kB[39m[2m | [22m
[32mstyles.css[39m         [2m | [22m[2mstyles[22m       [2m | [22m[36m314 bytes[39m[2m | [22m

[1m [22m                  [2m | [22m[1mInitial total[22m[2m | [22m  [1m1.66 MB[22m

Application bundle generation complete. [0.935 seconds] - 2026-06-29T04:09:51.864Z

[33m>[39m Changes detected. Rebuilding...
[32m√[39m Changes detected. Rebuilding...
Application bundle generation failed. [0.244 seconds] - 2026-06-29T04:11:09.813Z

[33m>[39m Changes detected. Rebuilding...
[32m√[39m Changes detected. Rebuilding...
[1mInitial chunk files[22m[2m | [22m[1mNames[22m        [2m | [22m [1mRaw size[22m
[32mmain.js[39m            [2m | [22m[2mmain[22m         [2m | [22m  [36m1.57 MB[39m[2m | [22m
[32mpolyfills.js[39m       [2m | [22m[2mpolyfills[22m    [2m | [22m [36m89.70 kB[39m[2m | [22m
[32mstyles.css[39m         [2m | [22m[2mstyles[22m       [2m | [22m[36m314 bytes[39m[2m | [22m

[1m [22m                  [2m | [22m[1mInitial total[22m[2m | [22m  [1m1.66 MB[22m

Application bundle generation complete. [0.714 seconds] - 2026-06-29T04:11:16.188Z

Page reload sent to client(s).
[33m>[39m Changes detected. Rebuilding...
[32m√[39m Changes detected. Rebuilding...
Application bundle generation failed. [0.284 seconds] - 2026-06-29T04:12:05.059Z

[33m>[39m Changes detected. Rebuilding...
[32m√[39m Changes detected. Rebuilding...
[1mInitial chunk files[22m[2m | [22m[1mNames[22m        [2m | [22m [1mRaw size[22m
[32mmain.js[39m            [2m | [22m[2mmain[22m         [2m | [22m  [36m1.57 MB[39m[2m | [22m
[32mpolyfills.js[39m       [2m | [22m[2mpolyfills[22m    [2m | [22m [36m89.70 kB[39m[2m | [22m
[32mstyles.css[39m         [2m | [22m[2mstyles[22m       [2m | [22m[36m314 bytes[39m[2m | [22m

[1m [22m                  [2m | [22m[1mInitial total[22m[2m | [22m  [1m1.66 MB[22m

Application bundle generation complete. [0.454 seconds] - 2026-06-29T04:12:07.530Z

Page reload sent to client(s).
[33m>[39m Changes detected. Rebuilding...
[32m√[39m Changes detected. Rebuilding...
Application bundle generation failed. [0.249 seconds] - 2026-06-29T04:12:22.477Z

[33m>[39m Changes detected. Rebuilding...
[32m√[39m Changes detected. Rebuilding...
[1mInitial chunk files[22m[2m | [22m[1mNames[22m        [2m | [22m [1mRaw size[22m
[32mmain.js[39m            [2m | [22m[2mmain[22m         [2m | [22m  [36m1.57 MB[39m[2m | [22m
[32mpolyfills.js[39m       [2m | [22m[2mpolyfills[22m    [2m | [22m [36m89.70 kB[39m[2m | [22m
[32mstyles.css[39m         [2m | [22m[2mstyles[22m       [2m | [22m[36m314 bytes[39m[2m | [22m

[1m [22m                  [2m | [22m[1mInitial total[22m[2m | [22m  [1m1.66 MB[22m

Application bundle generation complete. [0.445 seconds] - 2026-06-29T04:12:27.936Z

Page reload sent to client(s).
[33m>[39m Changes detected. Rebuilding...
[32m√[39m Changes detected. Rebuilding...
[1mInitial chunk files[22m[2m | [22m[1mNames[22m[2m | [22m[1mRaw size[22m
[32mmain.js[39m            [2m | [22m[2mmain[22m [2m | [22m [36m1.57 MB[39m[2m | [22m

Application bundle generation complete. [0.531 seconds] - 2026-06-29T04:12:31.527Z

Page reload sent to client(s).
[33m>[39m Changes detected. Rebuilding...
[32m√[39m Changes detected. Rebuilding...
[1mInitial chunk files[22m[2m | [22m[1mNames[22m[2m | [22m[1mRaw size[22m
[32mmain.js[39m            [2m | [22m[2mmain[22m [2m | [22m [36m1.57 MB[39m[2m | [22m

Application bundle generation complete. [0.615 seconds] - 2026-06-29T04:12:33.660Z

Page reload sent to client(s).
[33m>[39m Changes detected. Rebuilding...
[32m√[39m Changes detected. Rebuilding...
[1mInitial chunk files[22m[2m | [22m[1mNames[22m[2m | [22m[1mRaw size[22m
[32mmain.js[39m            [2m | [22m[2mmain[22m [2m | [22m [36m1.57 MB[39m[2m | [22m

Application bundle generation complete. [0.797 seconds] - 2026-06-29T04:12:37.019Z

Page reload sent to client(s).
[33m>[39m Changes detected. Rebuilding...
[32m√[39m Changes detected. Rebuilding...
[1mInitial chunk files[22m[2m | [22m[1mNames[22m[2m | [22m[1mRaw size[22m
[32mmain.js[39m            [2m | [22m[2mmain[22m [2m | [22m [36m1.57 MB[39m[2m | [22m

Application bundle generation complete. [0.519 seconds] - 2026-06-29T04:12:45.858Z

Page reload sent to client(s).
[33m>[39m Changes detected. Rebuilding...
[32m√[39m Changes detected. Rebuilding...
[1mInitial chunk files[22m[2m | [22m[1mNames[22m[2m | [22m[1mRaw size[22m
[32mmain.js[39m            [2m | [22m[2mmain[22m [2m | [22m [36m1.57 MB[39m[2m | [22m

Application bundle generation complete. [1.225 seconds] - 2026-06-29T04:12:48.187Z

Page reload sent to client(s).
[33m>[39m Changes detected. Rebuilding...
[32m√[39m Changes detected. Rebuilding...
[1mInitial chunk files[22m[2m | [22m[1mNames[22m[2m | [22m[1mRaw size[22m
[32mmain.js[39m            [2m | [22m[2mmain[22m [2m | [22m [36m1.57 MB[39m[2m | [22m

Application bundle generation complete. [0.703 seconds] - 2026-06-29T04:12:53.013Z

Page reload sent to client(s).
[33m>[39m Changes detected. Rebuilding...
[32m√[39m Changes detected. Rebuilding...
[1mInitial chunk files[22m[2m | [22m[1mNames[22m[2m | [22m[1mRaw size[22m
[32mmain.js[39m            [2m | [22m[2mmain[22m [2m | [22m [36m1.57 MB[39m[2m | [22m

Application bundle generation complete. [0.910 seconds] - 2026-06-29T04:12:55.624Z

Page reload sent to client(s).
[33m>[39m Changes detected. Rebuilding...
[32m√[39m Changes detected. Rebuilding...
[1mInitial chunk files[22m[2m | [22m[1mNames[22m[2m | [22m[1mRaw size[22m
[32mmain.js[39m            [2m | [22m[2mmain[22m [2m | [22m [36m1.57 MB[39m[2m | [22m

Application bundle generation complete. [0.574 seconds] - 2026-06-29T04:13:09.379Z

Page reload sent to client(s).
[33m>[39m Changes detected. Rebuilding...
[32m√[39m Changes detected. Rebuilding...
[1mInitial chunk files[22m[2m | [22m[1mNames[22m[2m | [22m[1mRaw size[22m
[32mmain.js[39m            [2m | [22m[2mmain[22m [2m | [22m [36m1.57 MB[39m[2m | [22m

Application bundle generation complete. [0.862 seconds] - 2026-06-29T04:13:11.060Z

Page reload sent to client(s).
[33m>[39m Changes detected. Rebuilding...
[32m√[39m Changes detected. Rebuilding...
[1mInitial chunk files[22m[2m | [22m[1mNames[22m[2m | [22m[1mRaw size[22m
[32mmain.js[39m            [2m | [22m[2mmain[22m [2m | [22m [36m1.57 MB[39m[2m | [22m

Application bundle generation complete. [0.696 seconds] - 2026-06-29T04:13:16.814Z

Page reload sent to client(s).
[33m>[39m Changes detected. Rebuilding...
[32m√[39m Changes detected. Rebuilding...
[1mInitial chunk files[22m[2m | [22m[1mNames[22m[2m | [22m[1mRaw size[22m
[32mmain.js[39m            [2m | [22m[2mmain[22m [2m | [22m [36m1.57 MB[39m[2m | [22m

Application bundle generation complete. [0.675 seconds] - 2026-06-29T04:13:20.102Z

Page reload sent to client(s).
[33m>[39m Changes detected. Rebuilding...
[32m√[39m Changes detected. Rebuilding...
[1mInitial chunk files[22m[2m | [22m[1mNames[22m[2m | [22m[1mRaw size[22m
[32mmain.js[39m            [2m | [22m[2mmain[22m [2m | [22m [36m1.57 MB[39m[2m | [22m

Application bundle generation complete. [0.782 seconds] - 2026-06-29T04:13:23.707Z

Page reload sent to client(s).
[33m>[39m Changes detected. Rebuilding...
[32m√[39m Changes detected. Rebuilding...
[1mInitial chunk files[22m[2m | [22m[1mNames[22m[2m | [22m[1mRaw size[22m
[32mmain.js[39m            [2m | [22m[2mmain[22m [2m | [22m [36m1.57 MB[39m[2m | [22m

Application bundle generation complete. [0.840 seconds] - 2026-06-29T04:13:28.038Z

Page reload sent to client(s).
[33m>[39m Changes detected. Rebuilding...
[32m√[39m Changes detected. Rebuilding...
[1mInitial chunk files[22m[2m | [22m[1mNames[22m[2m | [22m[1mRaw size[22m
[32mmain.js[39m            [2m | [22m[2mmain[22m [2m | [22m [36m1.57 MB[39m[2m | [22m

Application bundle generation complete. [0.992 seconds] - 2026-06-29T04:13:31.778Z

Page reload sent to client(s).
[33m>[39m Changes detected. Rebuilding...
[32m√[39m Changes detected. Rebuilding...
[1mInitial chunk files[22m[2m | [22m[1mNames[22m[2m | [22m[1mRaw size[22m
[32mmain.js[39m            [2m | [22m[2mmain[22m [2m | [22m [36m1.57 MB[39m[2m | [22m

Application bundle generation complete. [0.374 seconds] - 2026-06-29T04:13:52.574Z

Page reload sent to client(s).
[33m>[39m Changes detected. Rebuilding...
[32m√[39m Changes detected. Rebuilding...
[1mInitial chunk files[22m[2m | [22m[1mNames[22m[2m | [22m[1mRaw size[22m
[32mmain.js[39m            [2m | [22m[2mmain[22m [2m | [22m [36m1.57 MB[39m[2m | [22m

Application bundle generation complete. [0.973 seconds] - 2026-06-29T04:13:57.147Z

Page reload sent to client(s).
[33m>[39m Changes detected. Rebuilding...
[32m√[39m Changes detected. Rebuilding...
[1mInitial chunk files[22m[2m | [22m[1mNames[22m[2m | [22m[1mRaw size[22m
[32mmain.js[39m            [2m | [22m[2mmain[22m [2m | [22m [36m1.57 MB[39m[2m | [22m

Application bundle generation complete. [0.527 seconds] - 2026-06-29T04:14:45.450Z

Page reload sent to client(s).
[33m>[39m Changes detected. Rebuilding...
[32m√[39m Changes detected. Rebuilding...
[1mInitial chunk files[22m[2m | [22m[1mNames[22m[2m | [22m[1mRaw size[22m
[32mmain.js[39m            [2m | [22m[2mmain[22m [2m | [22m [36m1.57 MB[39m[2m | [22m

Application bundle generation complete. [0.747 seconds] - 2026-06-29T04:16:01.691Z

Component update sent to client(s).
[33m>[39m Changes detected. Rebuilding...
[32m√[39m Changes detected. Rebuilding...
[1mInitial chunk files[22m[2m | [22m[1mNames[22m[2m | [22m[1mRaw size[22m
[32mmain.js[39m            [2m | [22m[2mmain[22m [2m | [22m [36m1.57 MB[39m[2m | [22m

Application bundle generation complete. [0.487 seconds] - 2026-06-29T04:16:11.130Z

Component update sent to client(s).
[33m>[39m Changes detected. Rebuilding...
[32m√[39m Changes detected. Rebuilding...
[1mInitial chunk files[22m[2m | [22m[1mNames[22m[2m | [22m[1mRaw size[22m
[32mmain.js[39m            [2m | [22m[2mmain[22m [2m | [22m [36m1.57 MB[39m[2m | [22m

Application bundle generation complete. [1.038 seconds] - 2026-06-29T04:16:18.616Z

Component update sent to client(s).
[33m>[39m Changes detected. Rebuilding...
[32m√[39m Changes detected. Rebuilding...
[1mInitial chunk files[22m[2m | [22m[1mNames[22m[2m | [22m[1mRaw size[22m
[32mmain.js[39m            [2m | [22m[2mmain[22m [2m | [22m [36m1.57 MB[39m[2m | [22m

Application bundle generation complete. [0.575 seconds] - 2026-06-29T04:16:24.283Z

Component update sent to client(s).
[33m>[39m Changes detected. Rebuilding...
[32m√[39m Changes detected. Rebuilding...
[1mInitial chunk files[22m[2m | [22m[1mNames[22m        [2m | [22m [1mRaw size[22m
[32mmain.js[39m            [2m | [22m[2mmain[22m         [2m | [22m  [36m1.57 MB[39m[2m | [22m
[32mpolyfills.js[39m       [2m | [22m[2mpolyfills[22m    [2m | [22m [36m89.70 kB[39m[2m | [22m
[32mstyles.css[39m         [2m | [22m[2mstyles[22m       [2m | [22m[36m314 bytes[39m[2m | [22m

[1m [22m                  [2m | [22m[1mInitial total[22m[2m | [22m  [1m1.66 MB[22m

Application bundle generation complete. [0.648 seconds] - 2026-06-29T04:16:25.987Z

Component update sent to client(s).
[33m>[39m Changes detected. Rebuilding...
[32m√[39m Changes detected. Rebuilding...
[1mInitial chunk files[22m[2m | [22m[1mNames[22m[2m | [22m[1mRaw size[22m
[32mmain.js[39m            [2m | [22m[2mmain[22m [2m | [22m [36m1.57 MB[39m[2m | [22m

Application bundle generation complete. [0.444 seconds] - 2026-06-29T04:16:41.004Z

Component update sent to client(s).
[33m>[39m Changes detected. Rebuilding...
[32m√[39m Changes detected. Rebuilding...
[1mInitial chunk files[22m[2m | [22m[1mNames[22m[2m | [22m[1mRaw size[22m
[32mmain.js[39m            [2m | [22m[2mmain[22m [2m | [22m [36m1.57 MB[39m[2m | [22m

Application bundle generation complete. [0.652 seconds] - 2026-06-29T04:16:43.931Z

Component update sent to client(s).
[33m>[39m Changes detected. Rebuilding...
[32m√[39m Changes detected. Rebuilding...
[1mInitial chunk files[22m[2m | [22m[1mNames[22m[2m | [22m[1mRaw size[22m
[32mmain.js[39m            [2m | [22m[2mmain[22m [2m | [22m [36m1.57 MB[39m[2m | [22m

Application bundle generation complete. [0.559 seconds] - 2026-06-29T04:16:48.289Z

Component update sent to client(s).
[33m>[39m Changes detected. Rebuilding...
[32m√[39m Changes detected. Rebuilding...
[1mInitial chunk files[22m[2m | [22m[1mNames[22m[2m | [22m[1mRaw size[22m
[32mmain.js[39m            [2m | [22m[2mmain[22m [2m | [22m [36m1.57 MB[39m[2m | [22m

Application bundle generation complete. [0.854 seconds] - 2026-06-29T04:22:17.722Z

Page reload sent to client(s).
[33m>[39m Changes detected. Rebuilding...
[32m√[39m Changes detected. Rebuilding...
Application bundle generation failed. [5.611 seconds] - 2026-06-29T06:59:38.456Z

[33m>[39m Changes detected. Rebuilding...
[32m√[39m Changes detected. Rebuilding...
Application bundle generation failed. [0.632 seconds] - 2026-06-29T06:59:50.466Z

[33m>[39m Changes detected. Rebuilding...
[32m√[39m Changes detected. Rebuilding...
Application bundle generation failed. [0.732 seconds] - 2026-06-29T06:59:55.426Z

[33m>[39m Changes detected. Rebuilding...
[32m√[39m Changes detected. Rebuilding...
Application bundle generation failed. [0.776 seconds] - 2026-06-29T07:00:04.141Z

[33m>[39m Changes detected. Rebuilding...
[32m√[39m Changes detected. Rebuilding...
[1mInitial chunk files[22m[2m | [22m[1mNames[22m        [2m | [22m [1mRaw size[22m
[32mmain.js[39m            [2m | [22m[2mmain[22m         [2m | [22m  [36m1.57 MB[39m[2m | [22m
[32mpolyfills.js[39m       [2m | [22m[2mpolyfills[22m    [2m | [22m [36m89.70 kB[39m[2m | [22m
[32mstyles.css[39m         [2m | [22m[2mstyles[22m       [2m | [22m[36m314 bytes[39m[2m | [22m

[1m [22m                  [2m | [22m[1mInitial total[22m[2m | [22m  [1m1.66 MB[22m

Application bundle generation complete. [1.315 seconds] - 2026-06-29T07:00:09.148Z

Page reload sent to client(s).
[33m>[39m Changes detected. Rebuilding...
[32m√[39m Changes detected. Rebuilding...
[1mInitial chunk files[22m[2m | [22m[1mNames[22m[2m | [22m[1mRaw size[22m
[32mmain.js[39m            [2m | [22m[2mmain[22m [2m | [22m [36m1.57 MB[39m[2m | [22m

Application bundle generation complete. [0.808 seconds] - 2026-06-29T07:00:29.760Z

Page reload sent to client(s).
[33m>[39m Changes detected. Rebuilding...
[32m√[39m Changes detected. Rebuilding...
[1mInitial chunk files[22m[2m | [22m[1mNames[22m[2m | [22m[1mRaw size[22m
[32mmain.js[39m            [2m | [22m[2mmain[22m [2m | [22m [36m1.57 MB[39m[2m | [22m

Application bundle generation complete. [0.735 seconds] - 2026-06-29T07:00:31.115Z

Page reload sent to client(s).
[33m>[39m Changes detected. Rebuilding...
[32m√[39m Changes detected. Rebuilding...
[1mInitial chunk files[22m[2m | [22m[1mNames[22m[2m | [22m[1mRaw size[22m
[32mmain.js[39m            [2m | [22m[2mmain[22m [2m | [22m [36m1.57 MB[39m[2m | [22m

Application bundle generation complete. [0.740 seconds] - 2026-06-29T07:00:33.878Z

Page reload sent to client(s).
[33m>[39m Changes detected. Rebuilding...
[32m√[39m Changes detected. Rebuilding...
[1mInitial chunk files[22m[2m | [22m[1mNames[22m[2m | [22m[1mRaw size[22m
[32mmain.js[39m            [2m | [22m[2mmain[22m [2m | [22m [36m1.57 MB[39m[2m | [22m

Application bundle generation complete. [0.468 seconds] - 2026-06-29T07:00:43.227Z

Page reload sent to client(s).
[33m>[39m Changes detected. Rebuilding...
[32m√[39m Changes detected. Rebuilding...
[1mInitial chunk files[22m[2m | [22m[1mNames[22m        [2m | [22m [1mRaw size[22m
[32mmain.js[39m            [2m | [22m[2mmain[22m         [2m | [22m  [36m1.57 MB[39m[2m | [22m
[32mpolyfills.js[39m       [2m | [22m[2mpolyfills[22m    [2m | [22m [36m89.70 kB[39m[2m | [22m
[32mstyles.css[39m         [2m | [22m[2mstyles[22m       [2m | [22m[36m314 bytes[39m[2m | [22m

[1m [22m                  [2m | [22m[1mInitial total[22m[2m | [22m  [1m1.66 MB[22m

Application bundle generation complete. [0.612 seconds] - 2026-06-29T07:00:49.025Z

[33m>[39m Changes detected. Rebuilding...
[32m√[39m Changes detected. Rebuilding...
[1mInitial chunk files[22m[2m | [22m[1mNames[22m[2m | [22m[1mRaw size[22m
[32mmain.js[39m            [2m | [22m[2mmain[22m [2m | [22m [36m1.57 MB[39m[2m | [22m

Application bundle generation complete. [0.456 seconds] - 2026-06-29T07:00:52.015Z

Page reload sent to client(s).
[33m>[39m Changes detected. Rebuilding...
[32m√[39m Changes detected. Rebuilding...
[1mInitial chunk files[22m[2m | [22m[1mNames[22m[2m | [22m[1mRaw size[22m
[32mmain.js[39m            [2m | [22m[2mmain[22m [2m | [22m [36m1.57 MB[39m[2m | [22m

Application bundle generation complete. [0.783 seconds] - 2026-06-29T07:00:55.303Z

Page reload sent to client(s).
[33m>[39m Changes detected. Rebuilding...
[32m√[39m Changes detected. Rebuilding...
Application bundle generation failed. [0.237 seconds] - 2026-06-29T07:01:24.332Z

[33m>[39m Changes detected. Rebuilding...
[32m√[39m Changes detected. Rebuilding...
[1mInitial chunk files[22m[2m | [22m[1mNames[22m        [2m | [22m [1mRaw size[22m
[32mmain.js[39m            [2m | [22m[2mmain[22m         [2m | [22m  [36m1.57 MB[39m[2m | [22m
[32mpolyfills.js[39m       [2m | [22m[2mpolyfills[22m    [2m | [22m [36m89.70 kB[39m[2m | [22m
[32mstyles.css[39m         [2m | [22m[2mstyles[22m       [2m | [22m[36m314 bytes[39m[2m | [22m

[1m [22m                  [2m | [22m[1mInitial total[22m[2m | [22m  [1m1.66 MB[22m

Application bundle generation complete. [0.559 seconds] - 2026-06-29T07:01:27.820Z

Page reload sent to client(s).
[33m>[39m Changes detected. Rebuilding...
[32m√[39m Changes detected. Rebuilding...
Application bundle generation failed. [0.380 seconds] - 2026-06-29T07:01:32.400Z

[33m>[39m Changes detected. Rebuilding...
[32m√[39m Changes detected. Rebuilding...
[1mInitial chunk files[22m[2m | [22m[1mNames[22m        [2m | [22m [1mRaw size[22m
[32mmain.js[39m            [2m | [22m[2mmain[22m         [2m | [22m  [36m1.57 MB[39m[2m | [22m
[32mpolyfills.js[39m       [2m | [22m[2mpolyfills[22m    [2m | [22m [36m89.70 kB[39m[2m | [22m
[32mstyles.css[39m         [2m | [22m[2mstyles[22m       [2m | [22m[36m314 bytes[39m[2m | [22m

[1m [22m                  [2m | [22m[1mInitial total[22m[2m | [22m  [1m1.66 MB[22m

Application bundle generation complete. [0.508 seconds] - 2026-06-29T07:01:36.129Z

Page reload sent to client(s).
[33m>[39m Changes detected. Rebuilding...
[32m√[39m Changes detected. Rebuilding...
[1mInitial chunk files[22m[2m | [22m[1mNames[22m        [2m | [22m [1mRaw size[22m
[32mmain.js[39m            [2m | [22m[2mmain[22m         [2m | [22m  [36m1.57 MB[39m[2m | [22m
[32mpolyfills.js[39m       [2m | [22m[2mpolyfills[22m    [2m | [22m [36m89.70 kB[39m[2m | [22m
[32mstyles.css[39m         [2m | [22m[2mstyles[22m       [2m | [22m[36m314 bytes[39m[2m | [22m

[1m [22m                  [2m | [22m[1mInitial total[22m[2m | [22m  [1m1.66 MB[22m

Application bundle generation complete. [1.068 seconds] - 2026-06-29T07:01:38.547Z

[33m>[39m Changes detected. Rebuilding...
[32m√[39m Changes detected. Rebuilding...
Application bundle generation failed. [4.198 seconds] - 2026-06-29T07:34:57.182Z

[33m>[39m Changes detected. Rebuilding...
[32m√[39m Changes detected. Rebuilding...
[1mInitial chunk files[22m[2m | [22m[1mNames[22m        [2m | [22m [1mRaw size[22m
[32mmain.js[39m            [2m | [22m[2mmain[22m         [2m | [22m  [36m1.57 MB[39m[2m | [22m
[32mpolyfills.js[39m       [2m | [22m[2mpolyfills[22m    [2m | [22m [36m89.70 kB[39m[2m | [22m
[32mstyles.css[39m         [2m | [22m[2mstyles[22m       [2m | [22m[36m314 bytes[39m[2m | [22m

[1m [22m                  [2m | [22m[1mInitial total[22m[2m | [22m  [1m1.66 MB[22m

Application bundle generation complete. [1.628 seconds] - 2026-06-29T07:34:58.928Z

Page reload sent to client(s).
[33m>[39m Changes detected. Rebuilding...
[32m√[39m Changes detected. Rebuilding...
Application bundle generation failed. [0.584 seconds] - 2026-06-29T07:35:12.075Z

[33m>[39m Changes detected. Rebuilding...
[32m√[39m Changes detected. Rebuilding...
Application bundle generation failed. [0.204 seconds] - 2026-06-29T07:35:17.950Z

[33m>[39m Changes detected. Rebuilding...
[32m√[39m Changes detected. Rebuilding...
Application bundle generation failed. [0.280 seconds] - 2026-06-29T07:35:23.858Z

[33m>[39m Changes detected. Rebuilding...
[32m√[39m Changes detected. Rebuilding...
[1mInitial chunk files[22m[2m | [22m[1mNames[22m        [2m | [22m [1mRaw size[22m
[32mmain.js[39m            [2m | [22m[2mmain[22m         [2m | [22m  [36m1.57 MB[39m[2m | [22m
[32mpolyfills.js[39m       [2m | [22m[2mpolyfills[22m    [2m | [22m [36m89.70 kB[39m[2m | [22m
[32mstyles.css[39m         [2m | [22m[2mstyles[22m       [2m | [22m[36m314 bytes[39m[2m | [22m

[1m [22m                  [2m | [22m[1mInitial total[22m[2m | [22m  [1m1.66 MB[22m

Application bundle generation complete. [0.455 seconds] - 2026-06-29T07:35:28.778Z

Page reload sent to client(s).
[33m>[39m Changes detected. Rebuilding...
[32m√[39m Changes detected. Rebuilding...

No output file changes.

Application bundle generation complete. [0.830 seconds] - 2026-06-29T07:35:30.819Z

[33m>[39m Changes detected. Rebuilding...
[32m√[39m Changes detected. Rebuilding...
Application bundle generation failed. [0.240 seconds] - 2026-06-29T07:35:46.478Z

[33m>[39m Changes detected. Rebuilding...
[32m√[39m Changes detected. Rebuilding...
[1mInitial chunk files[22m[2m | [22m[1mNames[22m        [2m | [22m [1mRaw size[22m
[32mmain.js[39m            [2m | [22m[2mmain[22m         [2m | [22m  [36m1.57 MB[39m[2m | [22m
[32mpolyfills.js[39m       [2m | [22m[2mpolyfills[22m    [2m | [22m [36m89.70 kB[39m[2m | [22m
[32mstyles.css[39m         [2m | [22m[2mstyles[22m       [2m | [22m[36m314 bytes[39m[2m | [22m

[1m [22m                  [2m | [22m[1mInitial total[22m[2m | [22m  [1m1.66 MB[22m

Application bundle generation complete. [0.418 seconds] - 2026-06-29T07:35:49.890Z

Page reload sent to client(s).
[33m>[39m Changes detected. Rebuilding...
[32m√[39m Changes detected. Rebuilding...
[1mInitial chunk files[22m[2m | [22m[1mNames[22m[2m | [22m[1mRaw size[22m
[32mmain.js[39m            [2m | [22m[2mmain[22m [2m | [22m [36m1.57 MB[39m[2m | [22m

Application bundle generation complete. [0.588 seconds] - 2026-06-29T07:35:51.602Z

Page reload sent to client(s).
[33m>[39m Changes detected. Rebuilding...
[32m√[39m Changes detected. Rebuilding...
[1mInitial chunk files[22m[2m | [22m[1mNames[22m[2m | [22m[1mRaw size[22m
[32mmain.js[39m            [2m | [22m[2mmain[22m [2m | [22m [36m1.57 MB[39m[2m | [22m

Application bundle generation complete. [0.539 seconds] - 2026-06-29T07:35:55.149Z

Page reload sent to client(s).
[33m>[39m Changes detected. Rebuilding...
[32m√[39m Changes detected. Rebuilding...
[1mInitial chunk files[22m[2m | [22m[1mNames[22m[2m | [22m[1mRaw size[22m
[32mmain.js[39m            [2m | [22m[2mmain[22m [2m | [22m [36m1.57 MB[39m[2m | [22m

Application bundle generation complete. [0.348 seconds] - 2026-06-29T07:36:01.975Z

Page reload sent to client(s).
[33m>[39m Changes detected. Rebuilding...
[32m√[39m Changes detected. Rebuilding...
[1mInitial chunk files[22m[2m | [22m[1mNames[22m[2m | [22m[1mRaw size[22m
[32mmain.js[39m            [2m | [22m[2mmain[22m [2m | [22m [36m1.57 MB[39m[2m | [22m

Application bundle generation complete. [0.594 seconds] - 2026-06-29T07:36:13.086Z

Page reload sent to client(s).
[33m>[39m Changes detected. Rebuilding...
[32m√[39m Changes detected. Rebuilding...
[1mInitial chunk files[22m[2m | [22m[1mNames[22m        [2m | [22m [1mRaw size[22m
[32mmain.js[39m            [2m | [22m[2mmain[22m         [2m | [22m  [36m1.57 MB[39m[2m | [22m
[32mpolyfills.js[39m       [2m | [22m[2mpolyfills[22m    [2m | [22m [36m89.70 kB[39m[2m | [22m
[32mstyles.css[39m         [2m | [22m[2mstyles[22m       [2m | [22m[36m314 bytes[39m[2m | [22m

[1m [22m                  [2m | [22m[1mInitial total[22m[2m | [22m  [1m1.66 MB[22m

Application bundle generation complete. [0.625 seconds] - 2026-06-29T07:36:17.316Z

[33m>[39m Changes detected. Rebuilding...
[32m√[39m Changes detected. Rebuilding...
Application bundle generation failed. [0.303 seconds] - 2026-06-29T07:38:59.554Z

[33m>[39m Changes detected. Rebuilding...
[32m√[39m Changes detected. Rebuilding...
Application bundle generation failed. [0.407 seconds] - 2026-06-29T07:39:12.208Z

[33m>[39m Changes detected. Rebuilding...
[32m√[39m Changes detected. Rebuilding...
Application bundle generation failed. [0.474 seconds] - 2026-06-29T07:39:13.400Z

[33m>[39m Changes detected. Rebuilding...
[32m√[39m Changes detected. Rebuilding...
Application bundle generation failed. [0.274 seconds] - 2026-06-29T07:39:17.617Z

[33m>[39m Changes detected. Rebuilding...
[32m√[39m Changes detected. Rebuilding...
Application bundle generation failed. [0.304 seconds] - 2026-06-29T07:39:22.998Z

[33m>[39m Changes detected. Rebuilding...
[32m√[39m Changes detected. Rebuilding...
[1mInitial chunk files[22m[2m | [22m[1mNames[22m        [2m | [22m [1mRaw size[22m
[32mmain.js[39m            [2m | [22m[2mmain[22m         [2m | [22m  [36m1.57 MB[39m[2m | [22m
[32mpolyfills.js[39m       [2m | [22m[2mpolyfills[22m    [2m | [22m [36m89.70 kB[39m[2m | [22m
[32mstyles.css[39m         [2m | [22m[2mstyles[22m       [2m | [22m[36m314 bytes[39m[2m | [22m

[1m [22m                  [2m | [22m[1mInitial total[22m[2m | [22m  [1m1.66 MB[22m

Application bundle generation complete. [0.519 seconds] - 2026-06-29T07:39:26.027Z

Page reload sent to client(s).
[33m>[39m Changes detected. Rebuilding...
[32m√[39m Changes detected. Rebuilding...
[1mInitial chunk files[22m[2m | [22m[1mNames[22m        [2m | [22m [1mRaw size[22m
[32mmain.js[39m            [2m | [22m[2mmain[22m         [2m | [22m  [36m1.57 MB[39m[2m | [22m
[32mpolyfills.js[39m       [2m | [22m[2mpolyfills[22m    [2m | [22m [36m89.70 kB[39m[2m | [22m
[32mstyles.css[39m         [2m | [22m[2mstyles[22m       [2m | [22m[36m314 bytes[39m[2m | [22m

[1m [22m                  [2m | [22m[1mInitial total[22m[2m | [22m  [1m1.66 MB[22m

Application bundle generation complete. [0.767 seconds] - 2026-06-29T07:39:29.552Z

[33m>[39m Changes detected. Rebuilding...
[32m√[39m Changes detected. Rebuilding...
[1mInitial chunk files[22m[2m | [22m[1mNames[22m        [2m | [22m [1mRaw size[22m
[32mmain.js[39m            [2m | [22m[2mmain[22m         [2m | [22m  [36m1.57 MB[39m[2m | [22m
[32mpolyfills.js[39m       [2m | [22m[2mpolyfills[22m    [2m | [22m [36m89.70 kB[39m[2m | [22m
[32mstyles.css[39m         [2m | [22m[2mstyles[22m       [2m | [22m[36m314 bytes[39m[2m | [22m

[1m [22m                  [2m | [22m[1mInitial total[22m[2m | [22m  [1m1.66 MB[22m

Application bundle generation complete. [0.368 seconds] - 2026-06-29T07:45:32.736Z

[33m>[39m Changes detected. Rebuilding...
[32m√[39m Changes detected. Rebuilding...
[1mInitial chunk files[22m[2m | [22m[1mNames[22m        [2m | [22m [1mRaw size[22m
[32mmain.js[39m            [2m | [22m[2mmain[22m         [2m | [22m  [36m1.57 MB[39m[2m | [22m
[32mpolyfills.js[39m       [2m | [22m[2mpolyfills[22m    [2m | [22m [36m89.70 kB[39m[2m | [22m
[32mstyles.css[39m         [2m | [22m[2mstyles[22m       [2m | [22m[36m314 bytes[39m[2m | [22m

[1m [22m                  [2m | [22m[1mInitial total[22m[2m | [22m  [1m1.66 MB[22m

Application bundle generation complete. [0.362 seconds] - 2026-06-29T07:45:35.854Z

[33m>[39m Changes detected. Rebuilding...
[32m√[39m Changes detected. Rebuilding...
Application bundle generation failed. [0.127 seconds] - 2026-06-29T07:45:57.757Z

[33m>[39m Changes detected. Rebuilding...
[32m√[39m Changes detected. Rebuilding...
Application bundle generation failed. [0.158 seconds] - 2026-06-29T07:46:00.160Z

[33m>[39m Changes detected. Rebuilding...
[32m√[39m Changes detected. Rebuilding...
Application bundle generation failed. [0.088 seconds] - 2026-06-29T07:46:01.403Z

[33m>[39m Changes detected. Rebuilding...
[32m√[39m Changes detected. Rebuilding...
Application bundle generation failed. [0.354 seconds] - 2026-06-29T07:46:33.902Z

[33m>[39m Changes detected. Rebuilding...
[32m√[39m Changes detected. Rebuilding...
[1mInitial chunk files[22m[2m | [22m[1mNames[22m        [2m | [22m [1mRaw size[22m
[32mmain.js[39m            [2m | [22m[2mmain[22m         [2m | [22m  [36m1.57 MB[39m[2m | [22m
[32mpolyfills.js[39m       [2m | [22m[2mpolyfills[22m    [2m | [22m [36m89.70 kB[39m[2m | [22m
[32mstyles.css[39m         [2m | [22m[2mstyles[22m       [2m | [22m[36m314 bytes[39m[2m | [22m

[1m [22m                  [2m | [22m[1mInitial total[22m[2m | [22m  [1m1.66 MB[22m

Application bundle generation complete. [0.436 seconds] - 2026-06-29T07:46:38.887Z

Page reload sent to client(s).
[33m>[39m Changes detected. Rebuilding...
[32m√[39m Changes detected. Rebuilding...
[1mInitial chunk files[22m[2m | [22m[1mNames[22m        [2m | [22m [1mRaw size[22m
[32mmain.js[39m            [2m | [22m[2mmain[22m         [2m | [22m  [36m1.57 MB[39m[2m | [22m
[32mpolyfills.js[39m       [2m | [22m[2mpolyfills[22m    [2m | [22m [36m89.70 kB[39m[2m | [22m
[32mstyles.css[39m         [2m | [22m[2mstyles[22m       [2m | [22m[36m314 bytes[39m[2m | [22m

[1m [22m                  [2m | [22m[1mInitial total[22m[2m | [22m  [1m1.66 MB[22m

Application bundle generation complete. [1.018 seconds] - 2026-06-29T07:46:41.852Z

[33m>[39m Changes detected. Rebuilding...
[32m√[39m Changes detected. Rebuilding...

No output file changes.

Application bundle generation complete. [0.509 seconds] - 2026-06-29T07:46:48.116Z

[33m>[39m Changes detected. Rebuilding...
[32m√[39m Changes detected. Rebuilding...
[1mInitial chunk files[22m[2m | [22m[1mNames[22m        [2m | [22m [1mRaw size[22m
[32mmain.js[39m            [2m | [22m[2mmain[22m         [2m | [22m  [36m1.57 MB[39m[2m | [22m
[32mpolyfills.js[39m       [2m | [22m[2mpolyfills[22m    [2m | [22m [36m89.70 kB[39m[2m | [22m
[32mstyles.css[39m         [2m | [22m[2mstyles[22m       [2m | [22m[36m314 bytes[39m[2m | [22m

[1m [22m                  [2m | [22m[1mInitial total[22m[2m | [22m  [1m1.66 MB[22m

Application bundle generation complete. [0.518 seconds] - 2026-06-29T07:46:48.640Z

[33m>[39m Changes detected. Rebuilding...
[32m√[39m Changes detected. Rebuilding...
[1mInitial chunk files[22m[2m | [22m[1mNames[22m[2m | [22m[1mRaw size[22m
[32mmain.js[39m            [2m | [22m[2mmain[22m [2m | [22m [36m1.57 MB[39m[2m | [22m

Application bundle generation complete. [0.639 seconds] - 2026-06-29T07:47:26.455Z

Page reload sent to client(s).
[33m>[39m Changes detected. Rebuilding...
[32m√[39m Changes detected. Rebuilding...
[1mInitial chunk files[22m[2m | [22m[1mNames[22m[2m | [22m[1mRaw size[22m
[32mmain.js[39m            [2m | [22m[2mmain[22m [2m | [22m [36m1.57 MB[39m[2m | [22m

Application bundle generation complete. [0.524 seconds] - 2026-06-29T07:47:31.553Z

Page reload sent to client(s).
[33m>[39m Changes detected. Rebuilding...
[32m√[39m Changes detected. Rebuilding...
Application bundle generation failed. [0.674 seconds] - 2026-06-29T07:47:35.869Z

[33m>[39m Changes detected. Rebuilding...
[32m√[39m Changes detected. Rebuilding...
Application bundle generation failed. [0.414 seconds] - 2026-06-29T07:47:37.164Z

[33m>[39m Changes detected. Rebuilding...
[32m√[39m Changes detected. Rebuilding...
Application bundle generation failed. [0.314 seconds] - 2026-06-29T07:47:39.228Z

[33m>[39m Changes detected. Rebuilding...
[32m√[39m Changes detected. Rebuilding...
Application bundle generation failed. [0.205 seconds] - 2026-06-29T07:47:42.874Z

[33m>[39m Changes detected. Rebuilding...
[32m√[39m Changes detected. Rebuilding...
Application bundle generation failed. [0.265 seconds] - 2026-06-29T07:47:49.061Z

[33m>[39m Changes detected. Rebuilding...
[32m√[39m Changes detected. Rebuilding...
Application bundle generation failed. [0.221 seconds] - 2026-06-29T07:47:56.012Z

[33m>[39m Changes detected. Rebuilding...
[32m√[39m Changes detected. Rebuilding...
Application bundle generation failed. [0.226 seconds] - 2026-06-29T07:48:10.753Z

[33m>[39m Changes detected. Rebuilding...
[32m√[39m Changes detected. Rebuilding...
Application bundle generation failed. [0.281 seconds] - 2026-06-29T07:48:12.473Z

[33m>[39m Changes detected. Rebuilding...
[32m√[39m Changes detected. Rebuilding...
Application bundle generation failed. [0.304 seconds] - 2026-06-29T07:48:18.610Z

[33m>[39m Changes detected. Rebuilding...
[32m√[39m Changes detected. Rebuilding...
Application bundle generation failed. [0.242 seconds] - 2026-06-29T07:48:29.548Z

[33m>[39m Changes detected. Rebuilding...
[32m√[39m Changes detected. Rebuilding...
Application bundle generation failed. [0.283 seconds] - 2026-06-29T07:48:32.355Z

[33m>[39m Changes detected. Rebuilding...
[32m√[39m Changes detected. Rebuilding...
Application bundle generation failed. [0.240 seconds] - 2026-06-29T07:48:33.389Z

[33m>[39m Changes detected. Rebuilding...
[32m√[39m Changes detected. Rebuilding...
Application bundle generation failed. [0.323 seconds] - 2026-06-29T07:48:35.453Z

[33m>[39m Changes detected. Rebuilding...
[32m√[39m Changes detected. Rebuilding...
Application bundle generation failed. [0.301 seconds] - 2026-06-29T07:48:37.103Z

[33m>[39m Changes detected. Rebuilding...
[32m√[39m Changes detected. Rebuilding...
Application bundle generation failed. [0.216 seconds] - 2026-06-29T07:48:44.780Z

[33m>[39m Changes detected. Rebuilding...
[32m√[39m Changes detected. Rebuilding...
Application bundle generation failed. [0.237 seconds] - 2026-06-29T07:49:05.866Z

[33m>[39m Changes detected. Rebuilding...
[32m√[39m Changes detected. Rebuilding...
Application bundle generation failed. [0.333 seconds] - 2026-06-29T07:49:11.648Z

[33m>[39m Changes detected. Rebuilding...
[32m√[39m Changes detected. Rebuilding...
Application bundle generation failed. [0.324 seconds] - 2026-06-29T07:49:14.800Z

[33m>[39m Changes detected. Rebuilding...
[32m√[39m Changes detected. Rebuilding...
Application bundle generation failed. [0.260 seconds] - 2026-06-29T07:49:18.246Z

[33m>[39m Changes detected. Rebuilding...
[32m√[39m Changes detected. Rebuilding...
Application bundle generation failed. [0.176 seconds] - 2026-06-29T07:49:21.832Z

[33m>[39m Changes detected. Rebuilding...
[32m√[39m Changes detected. Rebuilding...
Application bundle generation failed. [0.267 seconds] - 2026-06-29T07:49:26.598Z

[33m>[39m Changes detected. Rebuilding...
[32m√[39m Changes detected. Rebuilding...
Application bundle generation failed. [0.193 seconds] - 2026-06-29T07:49:27.432Z

[33m>[39m Changes detected. Rebuilding...
[32m√[39m Changes detected. Rebuilding...
Application bundle generation failed. [0.160 seconds] - 2026-06-29T07:49:28.738Z

[33m>[39m Changes detected. Rebuilding...
[32m√[39m Changes detected. Rebuilding...
Application bundle generation failed. [0.371 seconds] - 2026-06-29T07:50:28.828Z

[33m>[39m Changes detected. Rebuilding...
[32m√[39m Changes detected. Rebuilding...
Application bundle generation failed. [0.353 seconds] - 2026-06-29T07:50:30.608Z

[33m>[39m Changes detected. Rebuilding...
[32m√[39m Changes detected. Rebuilding...
Application bundle generation failed. [0.168 seconds] - 2026-06-29T07:50:35.845Z

[33m>[39m Changes detected. Rebuilding...
[32m√[39m Changes detected. Rebuilding...
Application bundle generation failed. [0.390 seconds] - 2026-06-29T07:50:43.482Z

[33m>[39m Changes detected. Rebuilding...
[32m√[39m Changes detected. Rebuilding...
Application bundle generation failed. [0.192 seconds] - 2026-06-29T07:50:46.439Z

[33m>[39m Changes detected. Rebuilding...
[32m√[39m Changes detected. Rebuilding...
Application bundle generation failed. [0.185 seconds] - 2026-06-29T07:50:55.866Z

[33m>[39m Changes detected. Rebuilding...
[32m√[39m Changes detected. Rebuilding...
Application bundle generation failed. [0.223 seconds] - 2026-06-29T07:50:58.836Z

[33m>[39m Changes detected. Rebuilding...
[32m√[39m Changes detected. Rebuilding...
Application bundle generation failed. [0.128 seconds] - 2026-06-29T07:51:19.210Z

[33m>[39m Changes detected. Rebuilding...
[32m√[39m Changes detected. Rebuilding...
Application bundle generation failed. [0.156 seconds] - 2026-06-29T07:51:33.503Z

[33m>[39m Changes detected. Rebuilding...
[32m√[39m Changes detected. Rebuilding...
Application bundle generation failed. [0.192 seconds] - 2026-06-29T07:51:35.586Z

[33m>[39m Changes detected. Rebuilding...
[32m√[39m Changes detected. Rebuilding...
Application bundle generation failed. [0.120 seconds] - 2026-06-29T07:51:35.930Z

[33m>[39m Changes detected. Rebuilding...
[32m√[39m Changes detected. Rebuilding...
Application bundle generation failed. [0.242 seconds] - 2026-06-29T07:52:03.016Z

[33m>[39m Changes detected. Rebuilding...
[32m√[39m Changes detected. Rebuilding...
[1mInitial chunk files[22m[2m | [22m[1mNames[22m        [2m | [22m [1mRaw size[22m
[32mmain.js[39m            [2m | [22m[2mmain[22m         [2m | [22m  [36m1.57 MB[39m[2m | [22m
[32mpolyfills.js[39m       [2m | [22m[2mpolyfills[22m    [2m | [22m [36m89.70 kB[39m[2m | [22m
[32mstyles.css[39m         [2m | [22m[2mstyles[22m       [2m | [22m[36m314 bytes[39m[2m | [22m

[1m [22m                  [2m | [22m[1mInitial total[22m[2m | [22m  [1m1.66 MB[22m

Application bundle generation complete. [0.367 seconds] - 2026-06-29T07:52:05.826Z

Page reload sent to client(s).
[33m>[39m Changes detected. Rebuilding...
[32m√[39m Changes detected. Rebuilding...
Application bundle generation failed. [4.365 seconds] - 2026-06-29T07:57:36.392Z

[33m>[39m Changes detected. Rebuilding...
[32m√[39m Changes detected. Rebuilding...
[1mInitial chunk files[22m[2m | [22m[1mNames[22m        [2m | [22m [1mRaw size[22m
[32mmain.js[39m            [2m | [22m[2mmain[22m         [2m | [22m  [36m1.57 MB[39m[2m | [22m
[32mpolyfills.js[39m       [2m | [22m[2mpolyfills[22m    [2m | [22m [36m89.70 kB[39m[2m | [22m
[32mstyles.css[39m         [2m | [22m[2mstyles[22m       [2m | [22m[36m314 bytes[39m[2m | [22m

[1m [22m                  [2m | [22m[1mInitial total[22m[2m | [22m  [1m1.66 MB[22m

Application bundle generation complete. [1.380 seconds] - 2026-06-29T07:57:38.653Z

Page reload sent to client(s).
[33m>[39m Changes detected. Rebuilding...
[32m√[39m Changes detected. Rebuilding...
Application bundle generation failed. [0.478 seconds] - 2026-06-29T08:00:39.692Z

[33m>[39m Changes detected. Rebuilding...
[32m√[39m Changes detected. Rebuilding...
[1mInitial chunk files[22m[2m | [22m[1mNames[22m        [2m | [22m [1mRaw size[22m
[32mmain.js[39m            [2m | [22m[2mmain[22m         [2m | [22m  [36m1.57 MB[39m[2m | [22m
[32mpolyfills.js[39m       [2m | [22m[2mpolyfills[22m    [2m | [22m [36m89.70 kB[39m[2m | [22m
[32mstyles.css[39m         [2m | [22m[2mstyles[22m       [2m | [22m[36m314 bytes[39m[2m | [22m

[1m [22m                  [2m | [22m[1mInitial total[22m[2m | [22m  [1m1.66 MB[22m

Application bundle generation complete. [1.347 seconds] - 2026-06-29T08:00:51.516Z

Page reload sent to client(s).
[33m>[39m Changes detected. Rebuilding...
[32m√[39m Changes detected. Rebuilding...
[1mInitial chunk files[22m[2m | [22m[1mNames[22m        [2m | [22m [1mRaw size[22m
[32mmain.js[39m            [2m | [22m[2mmain[22m         [2m | [22m  [36m1.57 MB[39m[2m | [22m
[32mpolyfills.js[39m       [2m | [22m[2mpolyfills[22m    [2m | [22m [36m89.70 kB[39m[2m | [22m
[32mstyles.css[39m         [2m | [22m[2mstyles[22m       [2m | [22m[36m314 bytes[39m[2m | [22m

[1m [22m                  [2m | [22m[1mInitial total[22m[2m | [22m  [1m1.66 MB[22m

Application bundle generation complete. [0.316 seconds] - 2026-06-29T08:01:42.106Z

[33m>[39m Changes detected. Rebuilding...
[32m√[39m Changes detected. Rebuilding...
[1mInitial chunk files[22m[2m | [22m[1mNames[22m        [2m | [22m [1mRaw size[22m
[32mmain.js[39m            [2m | [22m[2mmain[22m         [2m | [22m  [36m1.57 MB[39m[2m | [22m
[32mpolyfills.js[39m       [2m | [22m[2mpolyfills[22m    [2m | [22m [36m89.70 kB[39m[2m | [22m
[32mstyles.css[39m         [2m | [22m[2mstyles[22m       [2m | [22m[36m314 bytes[39m[2m | [22m

[1m [22m                  [2m | [22m[1mInitial total[22m[2m | [22m  [1m1.66 MB[22m

Application bundle generation complete. [0.401 seconds] - 2026-06-29T08:01:43.495Z

[33m>[39m Changes detected. Rebuilding...
[32m√[39m Changes detected. Rebuilding...
[1mInitial chunk files[22m[2m | [22m[1mNames[22m[2m | [22m[1mRaw size[22m
[32mmain.js[39m            [2m | [22m[2mmain[22m [2m | [22m [36m3.29 MB[39m[2m | [22m

Application bundle generation complete. [15.272 seconds] - 2026-06-29T08:21:58.558Z

Page reload sent to client(s).
[33m>[39m Changes detected. Rebuilding...
[32m√[39m Changes detected. Rebuilding...
[1mInitial chunk files[22m[2m | [22m[1mNames[22m[2m | [22m[1mRaw size[22m
[32mmain.js[39m            [2m | [22m[2mmain[22m [2m | [22m [36m3.29 MB[39m[2m | [22m

Application bundle generation complete. [2.123 seconds] - 2026-06-29T08:22:15.371Z

Component update sent to client(s).
[33m>[39m Changes detected. Rebuilding...
[32m√[39m Changes detected. Rebuilding...
[1mInitial chunk files[22m[2m | [22m[1mNames[22m[2m | [22m[1mRaw size[22m
[32mmain.js[39m            [2m | [22m[2mmain[22m [2m | [22m [36m3.29 MB[39m[2m | [22m

Application bundle generation complete. [1.642 seconds] - 2026-06-29T08:22:34.927Z

Component update sent to client(s).
[33m>[39m Changes detected. Rebuilding...
[32m√[39m Changes detected. Rebuilding...
[1mInitial chunk files[22m[2m | [22m[1mNames[22m[2m | [22m[1mRaw size[22m
[32mmain.js[39m            [2m | [22m[2mmain[22m [2m | [22m [36m3.42 MB[39m[2m | [22m

Application bundle generation complete. [3.950 seconds] - 2026-06-29T08:22:52.191Z

Page reload sent to client(s).
[33m>[39m Changes detected. Rebuilding...
[32m√[39m Changes detected. Rebuilding...
[1mInitial chunk files[22m[2m | [22m[1mNames[22m[2m | [22m[1mRaw size[22m
[32mmain.js[39m            [2m | [22m[2mmain[22m [2m | [22m [36m3.42 MB[39m[2m | [22m

Application bundle generation complete. [2.477 seconds] - 2026-06-29T08:27:26.758Z

Component update sent to client(s).
[33m>[39m Changes detected. Rebuilding...
[32m√[39m Changes detected. Rebuilding...
[1mInitial chunk files[22m[2m | [22m[1mNames[22m[2m | [22m[1mRaw size[22m
[32mmain.js[39m            [2m | [22m[2mmain[22m [2m | [22m [36m3.42 MB[39m[2m | [22m

Application bundle generation complete. [1.364 seconds] - 2026-06-29T08:27:38.384Z

Component update sent to client(s).
[33m>[39m Changes detected. Rebuilding...
[32m√[39m Changes detected. Rebuilding...
[1mInitial chunk files[22m[2m | [22m[1mNames[22m[2m | [22m[1mRaw size[22m
[32mmain.js[39m            [2m | [22m[2mmain[22m [2m | [22m [36m3.42 MB[39m[2m | [22m

Application bundle generation complete. [1.147 seconds] - 2026-06-29T08:30:17.227Z

Component update sent to client(s).
[33m>[39m Changes detected. Rebuilding...
[32m√[39m Changes detected. Rebuilding...
[1mInitial chunk files[22m[2m | [22m[1mNames[22m[2m | [22m[1mRaw size[22m
[32mmain.js[39m            [2m | [22m[2mmain[22m [2m | [22m [36m3.42 MB[39m[2m | [22m

Application bundle generation complete. [0.858 seconds] - 2026-06-29T08:31:58.378Z

Component update sent to client(s).
[33m>[39m Changes detected. Rebuilding...
[32m√[39m Changes detected. Rebuilding...
[1mInitial chunk files[22m[2m | [22m[1mNames[22m[2m | [22m[1mRaw size[22m
[32mmain.js[39m            [2m | [22m[2mmain[22m [2m | [22m [36m3.88 MB[39m[2m | [22m

Application bundle generation complete. [4.259 seconds] - 2026-06-29T08:39:25.093Z

Page reload sent to client(s).
[33m>[39m Changes detected. Rebuilding...
[32m√[39m Changes detected. Rebuilding...
[1mInitial chunk files[22m[2m | [22m[1mNames[22m[2m | [22m[1mRaw size[22m
[32mmain.js[39m            [2m | [22m[2mmain[22m [2m | [22m [36m3.88 MB[39m[2m | [22m

Application bundle generation complete. [1.356 seconds] - 2026-06-29T08:39:42.606Z

Component update sent to client(s).
[33m>[39m Changes detected. Rebuilding...
[32m√[39m Changes detected. Rebuilding...
[1mInitial chunk files[22m[2m | [22m[1mNames[22m[2m | [22m[1mRaw size[22m
[32mmain.js[39m            [2m | [22m[2mmain[22m [2m | [22m [36m3.87 MB[39m[2m | [22m

Application bundle generation complete. [1.182 seconds] - 2026-06-29T08:39:59.538Z

Component update sent to client(s).
[33m>[39m Changes detected. Rebuilding...
[32m√[39m Changes detected. Rebuilding...
[1mInitial chunk files[22m[2m | [22m[1mNames[22m[2m | [22m[1mRaw size[22m
[32mmain.js[39m            [2m | [22m[2mmain[22m [2m | [22m [36m3.87 MB[39m[2m | [22m

Application bundle generation complete. [4.051 seconds] - 2026-06-29T08:50:09.468Z

Component update sent to client(s).
[33m>[39m Changes detected. Rebuilding...
[32m√[39m Changes detected. Rebuilding...
[1mInitial chunk files[22m[2m | [22m[1mNames[22m[2m | [22m[1mRaw size[22m
[32mmain.js[39m            [2m | [22m[2mmain[22m [2m | [22m [36m3.88 MB[39m[2m | [22m

Application bundle generation complete. [1.648 seconds] - 2026-06-29T08:50:25.709Z

Component update sent to client(s).
[33m>[39m Changes detected. Rebuilding...
[32m√[39m Changes detected. Rebuilding...
[1mInitial chunk files[22m[2m | [22m[1mNames[22m[2m | [22m[1mRaw size[22m
[32mmain.js[39m            [2m | [22m[2mmain[22m [2m | [22m [36m3.88 MB[39m[2m | [22m

Application bundle generation complete. [1.696 seconds] - 2026-06-29T08:50:38.618Z

Page reload sent to client(s).
[33m>[39m Changes detected. Rebuilding...
[32m√[39m Changes detected. Rebuilding...
[1mInitial chunk files[22m[2m | [22m[1mNames[22m[2m | [22m[1mRaw size[22m
[32mmain.js[39m            [2m | [22m[2mmain[22m [2m | [22m [36m3.88 MB[39m[2m | [22m

Application bundle generation complete. [1.641 seconds] - 2026-06-29T08:54:22.869Z

Component update sent to client(s).
[33m>[39m Changes detected. Rebuilding...
[32m√[39m Changes detected. Rebuilding...
[1mInitial chunk files[22m[2m | [22m[1mNames[22m[2m | [22m[1mRaw size[22m
[32mmain.js[39m            [2m | [22m[2mmain[22m [2m | [22m [36m3.88 MB[39m[2m | [22m

Application bundle generation complete. [6.383 seconds] - 2026-06-29T09:35:05.374Z

Component update sent to client(s).
[33m>[39m Changes detected. Rebuilding...
[32m√[39m Changes detected. Rebuilding...
[1mInitial chunk files[22m[2m | [22m[1mNames[22m[2m | [22m[1mRaw size[22m
[32mmain.js[39m            [2m | [22m[2mmain[22m [2m | [22m [36m3.88 MB[39m[2m | [22m

Application bundle generation complete. [2.672 seconds] - 2026-06-29T09:35:42.648Z

Component update sent to client(s).
[33m>[39m Changes detected. Rebuilding...
[32m√[39m Changes detected. Rebuilding...
[1mInitial chunk files[22m[2m | [22m[1mNames[22m[2m | [22m[1mRaw size[22m
[32mmain.js[39m            [2m | [22m[2mmain[22m [2m | [22m [36m3.88 MB[39m[2m | [22m

Application bundle generation complete. [2.265 seconds] - 2026-06-29T09:35:44.993Z

Component update sent to client(s).
[33m>[39m Changes detected. Rebuilding...
[32m√[39m Changes detected. Rebuilding...
[1mInitial chunk files[22m[2m | [22m[1mNames[22m[2m | [22m[1mRaw size[22m
[32mmain.js[39m            [2m | [22m[2mmain[22m [2m | [22m [36m3.88 MB[39m[2m | [22m

Application bundle generation complete. [1.945 seconds] - 2026-06-29T09:36:06.458Z

Component update sent to client(s).
[33m>[39m Changes detected. Rebuilding...
[32m√[39m Changes detected. Rebuilding...
[1mInitial chunk files[22m[2m | [22m[1mNames[22m[2m | [22m[1mRaw size[22m
[32mmain.js[39m            [2m | [22m[2mmain[22m [2m | [22m [36m3.88 MB[39m[2m | [22m

Application bundle generation complete. [1.962 seconds] - 2026-06-29T09:36:08.429Z

Component update sent to client(s).
[33m>[39m Changes detected. Rebuilding...
[32m√[39m Changes detected. Rebuilding...
[1mInitial chunk files[22m[2m | [22m[1mNames[22m[2m | [22m[1mRaw size[22m
[32mmain.js[39m            [2m | [22m[2mmain[22m [2m | [22m [36m3.88 MB[39m[2m | [22m

Application bundle generation complete. [1.627 seconds] - 2026-06-29T09:36:26.720Z

Component update sent to client(s).
[33m>[39m Changes detected. Rebuilding...
[32m√[39m Changes detected. Rebuilding...
[1mInitial chunk files[22m[2m | [22m[1mNames[22m[2m | [22m[1mRaw size[22m
[32mmain.js[39m            [2m | [22m[2mmain[22m [2m | [22m [36m3.88 MB[39m[2m | [22m

Application bundle generation complete. [1.513 seconds] - 2026-06-29T09:36:30.996Z

Component update sent to client(s).
[33m>[39m Changes detected. Rebuilding...
[32m√[39m Changes detected. Rebuilding...
[1mInitial chunk files[22m[2m | [22m[1mNames[22m[2m | [22m[1mRaw size[22m
[32mmain.js[39m            [2m | [22m[2mmain[22m [2m | [22m [36m3.88 MB[39m[2m | [22m

Application bundle generation complete. [1.772 seconds] - 2026-06-29T09:36:35.547Z

Component update sent to client(s).
[33m>[39m Changes detected. Rebuilding...
[32m√[39m Changes detected. Rebuilding...
[1mInitial chunk files[22m[2m | [22m[1mNames[22m[2m | [22m[1mRaw size[22m
[32mmain.js[39m            [2m | [22m[2mmain[22m [2m | [22m [36m3.88 MB[39m[2m | [22m

Application bundle generation complete. [1.528 seconds] - 2026-06-29T09:36:39.186Z

Component update sent to client(s).
[33m>[39m Changes detected. Rebuilding...
[32m√[39m Changes detected. Rebuilding...
[1mInitial chunk files[22m[2m | [22m[1mNames[22m[2m | [22m[1mRaw size[22m
[32mmain.js[39m            [2m | [22m[2mmain[22m [2m | [22m [36m3.88 MB[39m[2m | [22m

Application bundle generation complete. [1.187 seconds] - 2026-06-29T09:36:46.286Z

Component update sent to client(s).
[33m>[39m Changes detected. Rebuilding...
[32m√[39m Changes detected. Rebuilding...
[1mInitial chunk files[22m[2m | [22m[1mNames[22m[2m | [22m[1mRaw size[22m
[32mmain.js[39m            [2m | [22m[2mmain[22m [2m | [22m [36m3.88 MB[39m[2m | [22m

Application bundle generation complete. [1.533 seconds] - 2026-06-29T09:36:48.201Z

Component update sent to client(s).
[33m>[39m Changes detected. Rebuilding...
[32m√[39m Changes detected. Rebuilding...
[1mInitial chunk files[22m[2m | [22m[1mNames[22m[2m | [22m[1mRaw size[22m
[32mmain.js[39m            [2m | [22m[2mmain[22m [2m | [22m [36m3.88 MB[39m[2m | [22m

Application bundle generation complete. [2.460 seconds] - 2026-06-29T09:36:50.880Z

Component update sent to client(s).
[33m>[39m Changes detected. Rebuilding...
[32m√[39m Changes detected. Rebuilding...
[1mInitial chunk files[22m[2m | [22m[1mNames[22m[2m | [22m[1mRaw size[22m
[32mmain.js[39m            [2m | [22m[2mmain[22m [2m | [22m [36m3.88 MB[39m[2m | [22m

Application bundle generation complete. [1.507 seconds] - 2026-06-29T09:36:53.444Z

Component update sent to client(s).
[33m>[39m Changes detected. Rebuilding...
[32m√[39m Changes detected. Rebuilding...
[1mInitial chunk files[22m[2m | [22m[1mNames[22m[2m | [22m[1mRaw size[22m
[32mmain.js[39m            [2m | [22m[2mmain[22m [2m | [22m [36m3.88 MB[39m[2m | [22m

Application bundle generation complete. [1.651 seconds] - 2026-06-29T09:36:55.108Z

Component update sent to client(s).
[33m>[39m Changes detected. Rebuilding...
[32m√[39m Changes detected. Rebuilding...
[1mInitial chunk files[22m[2m | [22m[1mNames[22m[2m | [22m[1mRaw size[22m
[32mmain.js[39m            [2m | [22m[2mmain[22m [2m | [22m [36m3.88 MB[39m[2m | [22m

Application bundle generation complete. [1.655 seconds] - 2026-06-29T09:36:56.987Z

Component update sent to client(s).
[33m>[39m Changes detected. Rebuilding...
[32m√[39m Changes detected. Rebuilding...
[1mInitial chunk files[22m[2m | [22m[1mNames[22m[2m | [22m[1mRaw size[22m
[32mmain.js[39m            [2m | [22m[2mmain[22m [2m | [22m [36m3.88 MB[39m[2m | [22m

Application bundle generation complete. [1.776 seconds] - 2026-06-29T09:37:03.642Z

Component update sent to client(s).
[33m>[39m Changes detected. Rebuilding...
[32m√[39m Changes detected. Rebuilding...
[1mInitial chunk files[22m[2m | [22m[1mNames[22m[2m | [22m[1mRaw size[22m
[32mmain.js[39m            [2m | [22m[2mmain[22m [2m | [22m [36m3.88 MB[39m[2m | [22m

Application bundle generation complete. [2.527 seconds] - 2026-06-29T09:37:08.557Z

Component update sent to client(s).
[33m>[39m Changes detected. Rebuilding...
[32m√[39m Changes detected. Rebuilding...
[1mInitial chunk files[22m[2m | [22m[1mNames[22m[2m | [22m[1mRaw size[22m
[32mmain.js[39m            [2m | [22m[2mmain[22m [2m | [22m [36m3.88 MB[39m[2m | [22m

Application bundle generation complete. [1.503 seconds] - 2026-06-29T09:37:11.206Z

Component update sent to client(s).
[33m>[39m Changes detected. Rebuilding...
[32m√[39m Changes detected. Rebuilding...
[1mInitial chunk files[22m[2m | [22m[1mNames[22m[2m | [22m[1mRaw size[22m
[32mmain.js[39m            [2m | [22m[2mmain[22m [2m | [22m [36m3.88 MB[39m[2m | [22m

Application bundle generation complete. [2.108 seconds] - 2026-06-29T09:37:31.033Z

Component update sent to client(s).
[33m>[39m Changes detected. Rebuilding...
[32m√[39m Changes detected. Rebuilding...
[1mInitial chunk files[22m[2m | [22m[1mNames[22m[2m | [22m[1mRaw size[22m
[32mmain.js[39m            [2m | [22m[2mmain[22m [2m | [22m [36m3.88 MB[39m[2m | [22m

Application bundle generation complete. [1.569 seconds] - 2026-06-29T09:37:35.526Z

Component update sent to client(s).
[33m>[39m Changes detected. Rebuilding...
[32m√[39m Changes detected. Rebuilding...
[1mInitial chunk files[22m[2m | [22m[1mNames[22m[2m | [22m[1mRaw size[22m
[32mmain.js[39m            [2m | [22m[2mmain[22m [2m | [22m [36m3.88 MB[39m[2m | [22m

Application bundle generation complete. [1.277 seconds] - 2026-06-29T09:37:42.974Z

Component update sent to client(s).
[33m>[39m Changes detected. Rebuilding...
[32m√[39m Changes detected. Rebuilding...
[1mInitial chunk files[22m[2m | [22m[1mNames[22m[2m | [22m[1mRaw size[22m
[32mmain.js[39m            [2m | [22m[2mmain[22m [2m | [22m [36m3.88 MB[39m[2m | [22m

Application bundle generation complete. [1.658 seconds] - 2026-06-29T09:37:51.895Z

Component update sent to client(s).
[33m>[39m Changes detected. Rebuilding...
[32m√[39m Changes detected. Rebuilding...
[1mInitial chunk files[22m[2m | [22m[1mNames[22m[2m | [22m[1mRaw size[22m
[32mmain.js[39m            [2m | [22m[2mmain[22m [2m | [22m [36m3.88 MB[39m[2m | [22m

Application bundle generation complete. [1.538 seconds] - 2026-06-29T09:38:02.209Z

Component update sent to client(s).
[33m>[39m Changes detected. Rebuilding...
[32m√[39m Changes detected. Rebuilding...
[1mInitial chunk files[22m[2m | [22m[1mNames[22m[2m | [22m[1mRaw size[22m
[32mmain.js[39m            [2m | [22m[2mmain[22m [2m | [22m [36m3.88 MB[39m[2m | [22m

Application bundle generation complete. [9.391 seconds] - 2026-06-29T09:43:47.600Z

Page reload sent to client(s).
[33m>[39m Changes detected. Rebuilding...
[32m√[39m Changes detected. Rebuilding...
[1mInitial chunk files[22m[2m | [22m[1mNames[22m[2m | [22m[1mRaw size[22m
[32mmain.js[39m            [2m | [22m[2mmain[22m [2m | [22m [36m3.89 MB[39m[2m | [22m

Application bundle generation complete. [2.458 seconds] - 2026-06-29T09:44:12.286Z

Component update sent to client(s).
[33m>[39m Changes detected. Rebuilding...
[32m√[39m Changes detected. Rebuilding...

No output file changes.

Application bundle generation complete. [3.605 seconds] - 2026-06-29T09:47:45.791Z

Component update sent to client(s).
[33m>[39m Changes detected. Rebuilding...
[32m√[39m Changes detected. Rebuilding...
[1mInitial chunk files[22m[2m | [22m[1mNames[22m[2m | [22m[1mRaw size[22m
[32mmain.js[39m            [2m | [22m[2mmain[22m [2m | [22m [36m3.89 MB[39m[2m | [22m

Application bundle generation complete. [2.331 seconds] - 2026-06-29T09:47:48.132Z

Component update sent to client(s).
[33m>[39m Changes detected. Rebuilding...
[32m√[39m Changes detected. Rebuilding...
[1mInitial chunk files[22m[2m | [22m[1mNames[22m[2m | [22m[1mRaw size[22m
[32mmain.js[39m            [2m | [22m[2mmain[22m [2m | [22m [36m3.89 MB[39m[2m | [22m

Application bundle generation complete. [2.101 seconds] - 2026-06-29T09:48:55.794Z

Component update sent to client(s).
[33m>[39m Changes detected. Rebuilding...
[32m√[39m Changes detected. Rebuilding...
[1mInitial chunk files[22m[2m | [22m[1mNames[22m[2m | [22m[1mRaw size[22m
[32mmain.js[39m            [2m | [22m[2mmain[22m [2m | [22m [36m3.89 MB[39m[2m | [22m

Application bundle generation complete. [1.850 seconds] - 2026-06-29T09:51:28.505Z

Component update sent to client(s).
[33m>[39m Changes detected. Rebuilding...
[32m√[39m Changes detected. Rebuilding...
[1mInitial chunk files[22m[2m | [22m[1mNames[22m[2m | [22m[1mRaw size[22m
[32mmain.js[39m            [2m | [22m[2mmain[22m [2m | [22m [36m3.89 MB[39m[2m | [22m

Application bundle generation complete. [2.644 seconds] - 2026-06-29T09:51:31.402Z

Component update sent to client(s).
[33m>[39m Changes detected. Rebuilding...
[32m√[39m Changes detected. Rebuilding...
[1mInitial chunk files[22m[2m | [22m[1mNames[22m[2m | [22m[1mRaw size[22m
[32mmain.js[39m            [2m | [22m[2mmain[22m [2m | [22m [36m3.89 MB[39m[2m | [22m

Application bundle generation complete. [1.867 seconds] - 2026-06-29T09:51:39.050Z

Component update sent to client(s).
[33m>[39m Changes detected. Rebuilding...
[32m√[39m Changes detected. Rebuilding...
[1mInitial chunk files[22m[2m | [22m[1mNames[22m[2m | [22m[1mRaw size[22m
[32mmain.js[39m            [2m | [22m[2mmain[22m [2m | [22m [36m3.89 MB[39m[2m | [22m

Application bundle generation complete. [1.822 seconds] - 2026-06-29T09:51:43.545Z

Component update sent to client(s).
[33m>[39m Changes detected. Rebuilding...
[32m√[39m Changes detected. Rebuilding...
[1mInitial chunk files[22m[2m | [22m[1mNames[22m[2m | [22m[1mRaw size[22m
[32mmain.js[39m            [2m | [22m[2mmain[22m [2m | [22m [36m3.89 MB[39m[2m | [22m

Application bundle generation complete. [3.129 seconds] - 2026-06-29T09:51:48.077Z

Component update sent to client(s).
[33m>[39m Changes detected. Rebuilding...
[32m√[39m Changes detected. Rebuilding...
[1mInitial chunk files[22m[2m | [22m[1mNames[22m[2m | [22m[1mRaw size[22m
[32mmain.js[39m            [2m | [22m[2mmain[22m [2m | [22m [36m3.89 MB[39m[2m | [22m

Application bundle generation complete. [3.070 seconds] - 2026-06-29T09:52:06.218Z

Component update sent to client(s).
[33m>[39m Changes detected. Rebuilding...
[32m√[39m Changes detected. Rebuilding...
[1mInitial chunk files[22m[2m | [22m[1mNames[22m        [2m | [22m [1mRaw size[22m
[32mmain.js[39m            [2m | [22m[2mmain[22m         [2m | [22m  [36m3.89 MB[39m[2m | [22m
[32mpolyfills.js[39m       [2m | [22m[2mpolyfills[22m    [2m | [22m [36m89.70 kB[39m[2m | [22m
[32mstyles.css[39m         [2m | [22m[2mstyles[22m       [2m | [22m[36m314 bytes[39m[2m | [22m

[1m [22m                  [2m | [22m[1mInitial total[22m[2m | [22m  [1m3.98 MB[22m

Application bundle generation complete. [2.727 seconds] - 2026-06-29T09:52:08.956Z

Component update sent to client(s).
[33m>[39m Changes detected. Rebuilding...
[32m√[39m Changes detected. Rebuilding...
[1mInitial chunk files[22m[2m | [22m[1mNames[22m[2m | [22m[1mRaw size[22m
[32mmain.js[39m            [2m | [22m[2mmain[22m [2m | [22m [36m3.89 MB[39m[2m | [22m

Application bundle generation complete. [1.789 seconds] - 2026-06-29T09:52:53.699Z

Component update sent to client(s).
[33m>[39m Changes detected. Rebuilding...
[32m√[39m Changes detected. Rebuilding...
[1mInitial chunk files[22m[2m | [22m[1mNames[22m[2m | [22m[1mRaw size[22m
[32mmain.js[39m            [2m | [22m[2mmain[22m [2m | [22m [36m3.89 MB[39m[2m | [22m

Application bundle generation complete. [1.974 seconds] - 2026-06-29T09:52:58.821Z

Component update sent to client(s).
[33m>[39m Changes detected. Rebuilding...
[32m√[39m Changes detected. Rebuilding...
[1mInitial chunk files[22m[2m | [22m[1mNames[22m[2m | [22m[1mRaw size[22m
[32mmain.js[39m            [2m | [22m[2mmain[22m [2m | [22m [36m3.89 MB[39m[2m | [22m

Application bundle generation complete. [1.680 seconds] - 2026-06-29T09:53:00.511Z

Component update sent to client(s).
[33m>[39m Changes detected. Rebuilding...
[32m√[39m Changes detected. Rebuilding...
Application bundle generation failed. [2.034 seconds] - 2026-06-29T09:53:02.554Z

[33m>[39m Changes detected. Rebuilding...
[32m√[39m Changes detected. Rebuilding...
[1mInitial chunk files[22m[2m | [22m[1mNames[22m        [2m | [22m [1mRaw size[22m
[32mmain.js[39m            [2m | [22m[2mmain[22m         [2m | [22m  [36m3.89 MB[39m[2m | [22m
[32mpolyfills.js[39m       [2m | [22m[2mpolyfills[22m    [2m | [22m [36m89.70 kB[39m[2m | [22m
[32mstyles.css[39m         [2m | [22m[2mstyles[22m       [2m | [22m[36m314 bytes[39m[2m | [22m

[1m [22m                  [2m | [22m[1mInitial total[22m[2m | [22m  [1m3.98 MB[22m

Application bundle generation complete. [2.216 seconds] - 2026-06-29T09:53:04.800Z

Page reload sent to client(s).
[33m>[39m Changes detected. Rebuilding...
[32m√[39m Changes detected. Rebuilding...
Application bundle generation failed. [1.243 seconds] - 2026-06-29T09:53:29.864Z

[33m>[39m Changes detected. Rebuilding...
[32m√[39m Changes detected. Rebuilding...
[1mInitial chunk files[22m[2m | [22m[1mNames[22m        [2m | [22m [1mRaw size[22m
[32mmain.js[39m            [2m | [22m[2mmain[22m         [2m | [22m  [36m3.89 MB[39m[2m | [22m
[32mpolyfills.js[39m       [2m | [22m[2mpolyfills[22m    [2m | [22m [36m89.70 kB[39m[2m | [22m
[32mstyles.css[39m         [2m | [22m[2mstyles[22m       [2m | [22m[36m314 bytes[39m[2m | [22m

[1m [22m                  [2m | [22m[1mInitial total[22m[2m | [22m  [1m3.98 MB[22m

Application bundle generation complete. [1.172 seconds] - 2026-06-29T09:53:58.435Z

Page reload sent to client(s).
[33m>[39m Changes detected. Rebuilding...
[32m√[39m Changes detected. Rebuilding...
Application bundle generation failed. [1.526 seconds] - 2026-06-29T09:54:01.535Z

[33m>[39m Changes detected. Rebuilding...
[32m√[39m Changes detected. Rebuilding...
Application bundle generation failed. [1.120 seconds] - 2026-06-29T09:54:08.206Z

[33m>[39m Changes detected. Rebuilding...
[32m√[39m Changes detected. Rebuilding...
Application bundle generation failed. [1.083 seconds] - 2026-06-29T09:54:09.298Z

[33m>[39m Changes detected. Rebuilding...
[32m√[39m Changes detected. Rebuilding...
Application bundle generation failed. [1.189 seconds] - 2026-06-29T09:55:51.345Z

[33m>[39m Changes detected. Rebuilding...
[32m√[39m Changes detected. Rebuilding...
[1mInitial chunk files[22m[2m | [22m[1mNames[22m        [2m | [22m [1mRaw size[22m
[32mmain.js[39m            [2m | [22m[2mmain[22m         [2m | [22m  [36m3.89 MB[39m[2m | [22m
[32mpolyfills.js[39m       [2m | [22m[2mpolyfills[22m    [2m | [22m [36m89.70 kB[39m[2m | [22m
[32mstyles.css[39m         [2m | [22m[2mstyles[22m       [2m | [22m[36m314 bytes[39m[2m | [22m

[1m [22m                  [2m | [22m[1mInitial total[22m[2m | [22m  [1m3.98 MB[22m

Application bundle generation complete. [1.697 seconds] - 2026-06-29T09:56:01.787Z

Page reload sent to client(s).
[33m>[39m Changes detected. Rebuilding...
[32m√[39m Changes detected. Rebuilding...
[1mInitial chunk files[22m[2m | [22m[1mNames[22m[2m | [22m[1mRaw size[22m
[32mmain.js[39m            [2m | [22m[2mmain[22m [2m | [22m [36m3.89 MB[39m[2m | [22m

Application bundle generation complete. [2.065 seconds] - 2026-06-29T09:56:18.383Z

Component update sent to client(s).
[33m>[39m Changes detected. Rebuilding...
[32m√[39m Changes detected. Rebuilding...
[1mInitial chunk files[22m[2m | [22m[1mNames[22m[2m | [22m[1mRaw size[22m
[32mmain.js[39m            [2m | [22m[2mmain[22m [2m | [22m [36m3.89 MB[39m[2m | [22m

Application bundle generation complete. [5.873 seconds] - 2026-06-29T10:01:39.586Z

Component update sent to client(s).
[33m>[39m Changes detected. Rebuilding...
[32m√[39m Changes detected. Rebuilding...
[1mInitial chunk files[22m[2m | [22m[1mNames[22m[2m | [22m[1mRaw size[22m
[32mmain.js[39m            [2m | [22m[2mmain[22m [2m | [22m [36m3.89 MB[39m[2m | [22m

Application bundle generation complete. [2.845 seconds] - 2026-06-29T10:02:37.299Z

Component update sent to client(s).
[33m>[39m Changes detected. Rebuilding...
[32m√[39m Changes detected. Rebuilding...
[1mInitial chunk files[22m[2m | [22m[1mNames[22m[2m | [22m[1mRaw size[22m
[32mmain.js[39m            [2m | [22m[2mmain[22m [2m | [22m [36m3.89 MB[39m[2m | [22m

Application bundle generation complete. [1.809 seconds] - 2026-06-29T10:02:39.124Z

Component update sent to client(s).
[33m>[39m Changes detected. Rebuilding...
[32m√[39m Changes detected. Rebuilding...
[1mInitial chunk files[22m[2m | [22m[1mNames[22m        [2m | [22m [1mRaw size[22m
[32mmain.js[39m            [2m | [22m[2mmain[22m         [2m | [22m  [36m3.89 MB[39m[2m | [22m
[32mpolyfills.js[39m       [2m | [22m[2mpolyfills[22m    [2m | [22m [36m89.70 kB[39m[2m | [22m
[32mstyles.css[39m         [2m | [22m[2mstyles[22m       [2m | [22m[36m314 bytes[39m[2m | [22m

[1m [22m                  [2m | [22m[1mInitial total[22m[2m | [22m  [1m3.98 MB[22m

Application bundle generation complete. [1.606 seconds] - 2026-06-29T10:02:40.741Z

Component update sent to client(s).
[33m>[39m Changes detected. Rebuilding...
[32m√[39m Changes detected. Rebuilding...
Application bundle generation failed. [0.962 seconds] - 2026-06-29T10:02:41.712Z

[33m>[39m Changes detected. Rebuilding...
[32m√[39m Changes detected. Rebuilding...
[1mInitial chunk files[22m[2m | [22m[1mNames[22m        [2m | [22m [1mRaw size[22m
[32mmain.js[39m            [2m | [22m[2mmain[22m         [2m | [22m  [36m3.89 MB[39m[2m | [22m
[32mpolyfills.js[39m       [2m | [22m[2mpolyfills[22m    [2m | [22m [36m89.70 kB[39m[2m | [22m
[32mstyles.css[39m         [2m | [22m[2mstyles[22m       [2m | [22m[36m314 bytes[39m[2m | [22m

[1m [22m                  [2m | [22m[1mInitial total[22m[2m | [22m  [1m3.98 MB[22m

Application bundle generation complete. [1.815 seconds] - 2026-06-29T10:02:43.930Z

Page reload sent to client(s).
[33m>[39m Changes detected. Rebuilding...
[32m√[39m Changes detected. Rebuilding...

No output file changes.

Application bundle generation complete. [3.144 seconds] - 2026-06-29T10:02:50.115Z

Component update sent to client(s).
[33m>[39m Changes detected. Rebuilding...
[32m√[39m Changes detected. Rebuilding...
[1mInitial chunk files[22m[2m | [22m[1mNames[22m[2m | [22m[1mRaw size[22m
[32mmain.js[39m            [2m | [22m[2mmain[22m [2m | [22m [36m3.89 MB[39m[2m | [22m

Application bundle generation complete. [2.095 seconds] - 2026-06-29T10:05:11.724Z

Page reload sent to client(s).
[33m>[39m Changes detected. Rebuilding...
[32m√[39m Changes detected. Rebuilding...
[1mInitial chunk files[22m[2m | [22m[1mNames[22m[2m | [22m[1mRaw size[22m
[32mmain.js[39m            [2m | [22m[2mmain[22m [2m | [22m [36m3.89 MB[39m[2m | [22m

Application bundle generation complete. [2.823 seconds] - 2026-06-29T10:07:53.700Z

Page reload sent to client(s).
[33m>[39m Changes detected. Rebuilding...
[32m√[39m Changes detected. Rebuilding...
[1mInitial chunk files[22m[2m | [22m[1mNames[22m[2m | [22m[1mRaw size[22m
[32mmain.js[39m            [2m | [22m[2mmain[22m [2m | [22m [36m3.89 MB[39m[2m | [22m

Application bundle generation complete. [4.827 seconds] - 2026-06-29T10:11:19.509Z

Page reload sent to client(s).
[33m>[39m Changes detected. Rebuilding...
[32m√[39m Changes detected. Rebuilding...
[1mInitial chunk files[22m[2m | [22m[1mNames[22m[2m | [22m[1mRaw size[22m
[32mmain.js[39m            [2m | [22m[2mmain[22m [2m | [22m [36m3.89 MB[39m[2m | [22m

Application bundle generation complete. [2.858 seconds] - 2026-06-29T10:12:50.578Z

Component update sent to client(s).
[33m>[39m Changes detected. Rebuilding...
[32m√[39m Changes detected. Rebuilding...
[1mInitial chunk files[22m[2m | [22m[1mNames[22m[2m | [22m[1mRaw size[22m
[32mmain.js[39m            [2m | [22m[2mmain[22m [2m | [22m [36m3.89 MB[39m[2m | [22m

Application bundle generation complete. [2.003 seconds] - 2026-06-29T10:13:02.789Z

Component update sent to client(s).
[33m>[39m Changes detected. Rebuilding...
[32m√[39m Changes detected. Rebuilding...
[1mInitial chunk files[22m[2m | [22m[1mNames[22m[2m | [22m[1mRaw size[22m
[32mmain.js[39m            [2m | [22m[2mmain[22m [2m | [22m [36m3.89 MB[39m[2m | [22m

Application bundle generation complete. [5.200 seconds] - 2026-06-29T10:20:39.362Z

Component update sent to client(s).
[33m>[39m Changes detected. Rebuilding...
[32m√[39m Changes detected. Rebuilding...

No output file changes.

Application bundle generation complete. [3.037 seconds] - 2026-06-29T10:25:11.951Z

Component update sent to client(s).
